-- phpMyAdmin SQL Dump
-- version 4.8.3
-- https://www.phpmyadmin.net/
--
-- Host: localhost:3306
-- Generation Time: Dec 17, 2019 at 04:10 PM
-- Server version: 5.6.46-cll-lve
-- PHP Version: 7.2.7

SET SQL_MODE = "NO_AUTO_VALUE_ON_ZERO";
SET AUTOCOMMIT = 0;
START TRANSACTION;
SET time_zone = "+00:00";


/*!40101 SET @OLD_CHARACTER_SET_CLIENT=@@CHARACTER_SET_CLIENT */;
/*!40101 SET @OLD_CHARACTER_SET_RESULTS=@@CHARACTER_SET_RESULTS */;
/*!40101 SET @OLD_COLLATION_CONNECTION=@@COLLATION_CONNECTION */;
/*!40101 SET NAMES utf8mb4 */;

--
-- Database: `swe690capstone`
--

-- --------------------------------------------------------

--
-- Table structure for table `address_type`
--

CREATE TABLE `address_type` (
  `type_id` int(11) NOT NULL,
  `type_name` varchar(60) NOT NULL
) ENGINE=InnoDB DEFAULT CHARSET=utf8mb4;

--
-- Dumping data for table `address_type`
--

INSERT INTO `address_type` (`type_id`, `type_name`) VALUES
(1, 'Customer address'),
(2, 'Vendor address'),
(3, 'Restaurant address'),
(4, 'Billing address');

-- --------------------------------------------------------

--
-- Table structure for table `business_hour`
--

CREATE TABLE `business_hour` (
  `id` int(11) NOT NULL,
  `restaurant_id` int(11) NOT NULL,
  `day` varchar(1) NOT NULL,
  `start_time` time NOT NULL,
  `end_time` time NOT NULL
) ENGINE=InnoDB DEFAULT CHARSET=utf8mb4;

--
-- Dumping data for table `business_hour`
--

INSERT INTO `business_hour` (`id`, `restaurant_id`, `day`, `start_time`, `end_time`) VALUES
(2, 1, 'M', '11:00:00', '13:00:00'),
(3, 1, 'T', '11:00:00', '13:00:00'),
(4, 1, 'M', '17:00:00', '22:00:00'),
(5, 1, 'T', '17:00:00', '22:00:00'),
(6, 1, 'W', '17:00:00', '22:00:00'),
(7, 1, 'W', '11:00:00', '13:00:00'),
(8, 1, 'R', '17:00:00', '22:00:00'),
(9, 1, 'R', '11:00:00', '13:00:00'),
(10, 1, 'F', '11:00:00', '13:00:00'),
(12, 1, 'S', '16:30:00', '23:59:00'),
(13, 1, 'F', '17:00:00', '23:59:00');

-- --------------------------------------------------------

--
-- Table structure for table `close_date`
--

CREATE TABLE `close_date` (
  `id` int(11) NOT NULL,
  `restaurant_id` int(11) NOT NULL,
  `close_date` date NOT NULL
) ENGINE=InnoDB DEFAULT CHARSET=utf8mb4;

-- --------------------------------------------------------

--
-- Table structure for table `cuisines`
--

CREATE TABLE `cuisines` (
  `cuisine_id` int(11) NOT NULL,
  `cuisine_type` varchar(60) NOT NULL
) ENGINE=InnoDB DEFAULT CHARSET=utf8mb4;

--
-- Dumping data for table `cuisines`
--

INSERT INTO `cuisines` (`cuisine_id`, `cuisine_type`) VALUES
(1, 'Chinese'),
(2, 'Hot pot'),
(3, 'French'),
(4, 'Italian'),
(5, 'Pizza'),
(6, 'Indian'),
(7, 'Japanese'),
(8, 'Buffet'),
(9, 'Fast food'),
(10, 'Mexican'),
(11, 'Steakhouse'),
(12, 'Seafood');

-- --------------------------------------------------------

--
-- Table structure for table `dishes`
--

CREATE TABLE `dishes` (
  `restaurant_id` int(11) NOT NULL,
  `dish_id` int(11) NOT NULL,
  `dish_name` varchar(255) NOT NULL,
  `price` decimal(12,2) NOT NULL,
  `discription` text
) ENGINE=InnoDB DEFAULT CHARSET=utf8mb4;

--
-- Dumping data for table `dishes`
--

INSERT INTO `dishes` (`restaurant_id`, `dish_id`, `dish_name`, `price`, `discription`) VALUES
(1, 1, 'beef broccoli', '13.89', 'beef with broccoli, less salt. chief special'),
(1, 3, 'Prown Cracker', '18.90', 'Prwons with spicy seasoning'),
(1, 4, 'Roast Duck', '38.99', 'Troditional Beijing Roast Duck, with sauces'),
(1, 5, 'Shrimp and Sauce Pork', '13.00', 'Pork, with sauces'),
(2, 7, 'Gongbao Chicken', '13.89', 'A spicy, stir-fried Chinese dish made with chicken, peanuts, vegetables, and chili peppers.');

-- --------------------------------------------------------

--
-- Table structure for table `dish_ingredient`
--

CREATE TABLE `dish_ingredient` (
  `id` int(11) NOT NULL,
  `dish_id` int(11) NOT NULL,
  `ingredient_id` int(11) NOT NULL
) ENGINE=InnoDB DEFAULT CHARSET=utf8mb4;

--
-- Dumping data for table `dish_ingredient`
--

INSERT INTO `dish_ingredient` (`id`, `dish_id`, `ingredient_id`) VALUES
(1, 1, 1),
(2, 1, 12),
(3, 3, 13),
(4, 3, 16),
(6, 4, 15),
(5, 4, 16);

-- --------------------------------------------------------

--
-- Table structure for table `dish_order`
--

CREATE TABLE `dish_order` (
  `id` int(11) NOT NULL,
  `dish_id` int(11) NOT NULL,
  `order_id` int(11) NOT NULL,
  `quantity` int(11) NOT NULL,
  `dish_price` decimal(6,2) NOT NULL,
  `price` decimal(6,2) NOT NULL,
  `comment` text
) ENGINE=InnoDB DEFAULT CHARSET=utf8mb4;

-- --------------------------------------------------------

--
-- Table structure for table `dish_pics`
--

CREATE TABLE `dish_pics` (
  `id` int(11) NOT NULL,
  `dish_id` int(11) NOT NULL,
  `pic_url` varchar(2083) NOT NULL
) ENGINE=InnoDB DEFAULT CHARSET=utf8mb4;

--
-- Dumping data for table `dish_pics`
--

INSERT INTO `dish_pics` (`id`, `dish_id`, `pic_url`) VALUES
(1, 1, 'http://joinwebdesign.com/forkit/pic/1/1/beef-broccoli-7.jpg'),
(2, 1, 'http://joinwebdesign.com/forkit/pic/1/1/broccoli-beef.jpg'),
(3, 7, 'http://joinwebdesign.com/forkit/pic/2/7/kungbaochicken1.jpg'),
(4, 7, 'http://joinwebdesign.com/forkit/pic/2/7/kungbaochicken2.jpg');

-- --------------------------------------------------------

--
-- Table structure for table `ingredients`
--

CREATE TABLE `ingredients` (
  `ingredient_id` int(11) NOT NULL,
  `ingredient` varchar(60) NOT NULL
) ENGINE=InnoDB DEFAULT CHARSET=utf8mb4;

--
-- Dumping data for table `ingredients`
--

INSERT INTO `ingredients` (`ingredient_id`, `ingredient`) VALUES
(1, 'beef'),
(2, 'chicken'),
(3, 'pork'),
(4, 'lamp'),
(5, 'tofu'),
(6, 'peanut'),
(7, 'milk'),
(8, 'soy'),
(9, 'wheat'),
(10, 'egg'),
(11, 'fish'),
(12, 'broccoli'),
(13, 'prown'),
(14, 'duck'),
(15, 'honey'),
(16, 'salt');

-- --------------------------------------------------------

--
-- Table structure for table `orders`
--

CREATE TABLE `orders` (
  `order_id` int(11) NOT NULL,
  `restaurant_id` int(11) NOT NULL,
  `user_id` int(11) NOT NULL,
  `order_time` timestamp NOT NULL DEFAULT CURRENT_TIMESTAMP,
  `pickup_time` datetime DEFAULT NULL,
  `price` decimal(6,2) NOT NULL,
  `tax` decimal(6,2) NOT NULL,
  `tips` decimal(5,2) NOT NULL DEFAULT '0.00',
  `final_price` decimal(6,2) NOT NULL,
  `comment` text,
  `status` int(11) NOT NULL,
  `status_update` timestamp NOT NULL DEFAULT CURRENT_TIMESTAMP
) ENGINE=InnoDB DEFAULT CHARSET=utf8mb4;

-- --------------------------------------------------------

--
-- Table structure for table `restaurants`
--

CREATE TABLE `restaurants` (
  `restaurant_id` int(11) NOT NULL,
  `vendor_id` int(11) NOT NULL,
  `name` varchar(255) NOT NULL,
  `status` tinyint(1) NOT NULL DEFAULT '1',
  `phone` varchar(10) NOT NULL,
  `description` mediumtext,
  `latitude` decimal(10,8) NOT NULL,
  `longitude` decimal(11,8) NOT NULL,
  `street` varchar(100) NOT NULL,
  `street2` varchar(100) DEFAULT NULL,
  `zipcode` varchar(5) NOT NULL
) ENGINE=InnoDB DEFAULT CHARSET=utf8mb4;

--
-- Dumping data for table `restaurants`
--

INSERT INTO `restaurants` (`restaurant_id`, `vendor_id`, `name`, `status`, `phone`, `description`, `latitude`, `longitude`, `street`, `street2`, `zipcode`) VALUES
(1, 1, 'test', 1, '6548793215', 'test description may be good', '40.71727401', '-74.00898606', '6084 Fair Ave', NULL, '94560'),
(2, 2, 'Taste Good Beijing Cuisine', 0, '6508639703', 'traditional Chinese cuisine', '41.71727401', '-75.00898606', '76 S Abel St', NULL, '95035'),
(8, 2, 'Taiwanese Porridge Kingdom', 1, '4089359369', 'Snug counter serve offering porridge, dumplings & other standard Chinese dishes in a mellow setting.', '37.45542000', '-121.91102000', '1706 N Milpitas Blvd', '', '95035'),
(9, 3, 'Easterly Santa Clara', 1, '2839192930', 'Chinese Cusine', '41.71727401', '-75.00898606', '102 Linkin Blvd', '201', '94503');

-- --------------------------------------------------------

--
-- Table structure for table `restaurant_cuisine`
--

CREATE TABLE `restaurant_cuisine` (
  `id` int(11) NOT NULL,
  `restaurant_id` int(11) NOT NULL,
  `cuisine_id` int(11) NOT NULL
) ENGINE=InnoDB DEFAULT CHARSET=utf8mb4;

--
-- Dumping data for table `restaurant_cuisine`
--

INSERT INTO `restaurant_cuisine` (`id`, `restaurant_id`, `cuisine_id`) VALUES
(1, 1, 1),
(2, 1, 2),
(11, 1, 4),
(12, 2, 4),
(20, 8, 4),
(21, 9, 6);

-- --------------------------------------------------------

--
-- Table structure for table `restaurant_status`
--

CREATE TABLE `restaurant_status` (
  `id` int(11) NOT NULL,
  `name` varchar(255) NOT NULL,
  `Explanation` text
) ENGINE=MyISAM DEFAULT CHARSET=utf8mb4;

--
-- Dumping data for table `restaurant_status`
--

INSERT INTO `restaurant_status` (`id`, `name`, `Explanation`) VALUES
(1, 'Open', 'Open and go online'),
(2, 'Private', 'Only the owner can see'),
(3, 'Temporarily Closed', 'Temporarily leave, could be open anytime'),
(4, 'Permanently Closed', 'Permanently closed.'),
(0, 'Pending', 'Before approval');

-- --------------------------------------------------------

--
-- Table structure for table `status`
--

CREATE TABLE `status` (
  `status_id` int(11) NOT NULL,
  `status_name` varchar(60) NOT NULL
) ENGINE=InnoDB DEFAULT CHARSET=utf8mb4;

--
-- Dumping data for table `status`
--

INSERT INTO `status` (`status_id`, `status_name`) VALUES
(1, 'Pending'),
(2, 'Confirmed'),
(3, 'Ready for pick up'),
(4, 'Completed'),
(5, 'Canceled'),
(6, 'Declined');

-- --------------------------------------------------------

--
-- Table structure for table `tax`
--

CREATE TABLE `tax` (
  `zipcode` int(5) NOT NULL,
  `tax_rate` decimal(5,4) NOT NULL
) ENGINE=InnoDB DEFAULT CHARSET=utf8mb4;

--
-- Dumping data for table `tax`
--

INSERT INTO `tax` (`zipcode`, `tax_rate`) VALUES
(90001, '0.0950'),
(90002, '0.0950'),
(90003, '0.0950'),
(90004, '0.0950'),
(90005, '0.0950'),
(90006, '0.0950'),
(90007, '0.0950'),
(90008, '0.0950'),
(90009, '0.0950'),
(90010, '0.0950'),
(90011, '0.0950'),
(90012, '0.0950'),
(90013, '0.0950'),
(90014, '0.0950'),
(90015, '0.0950'),
(90016, '0.0950'),
(90017, '0.0950'),
(90018, '0.0950'),
(90019, '0.0950'),
(90020, '0.0950'),
(90021, '0.0950'),
(90022, '0.0950'),
(90023, '0.0950'),
(90024, '0.0950'),
(90025, '0.0950'),
(90026, '0.0950'),
(90027, '0.0950'),
(90028, '0.0950'),
(90029, '0.0950'),
(90030, '0.0950'),
(90031, '0.0950'),
(90032, '0.0950'),
(90033, '0.0950'),
(90034, '0.0950'),
(90035, '0.0950'),
(90036, '0.0950'),
(90037, '0.0950'),
(90038, '0.0950'),
(90039, '0.0950'),
(90040, '0.1000'),
(90041, '0.0950'),
(90042, '0.0950'),
(90043, '0.0950'),
(90044, '0.0950'),
(90045, '0.0950'),
(90046, '0.0950'),
(90047, '0.0950'),
(90048, '0.0950'),
(90049, '0.0950'),
(90050, '0.0950'),
(90051, '0.0950'),
(90052, '0.0950'),
(90053, '0.0950'),
(90054, '0.0950'),
(90055, '0.0950'),
(90056, '0.0950'),
(90057, '0.0950'),
(90058, '0.0950'),
(90059, '0.0950'),
(90060, '0.0950'),
(90061, '0.0950'),
(90062, '0.0950'),
(90063, '0.0950'),
(90064, '0.0950'),
(90065, '0.0950'),
(90066, '0.0950'),
(90067, '0.0950'),
(90068, '0.0950'),
(90069, '0.0950'),
(90070, '0.0950'),
(90071, '0.0950'),
(90072, '0.0950'),
(90073, '0.0950'),
(90074, '0.0950'),
(90075, '0.0950'),
(90076, '0.0950'),
(90077, '0.0950'),
(90078, '0.0950'),
(90079, '0.0950'),
(90081, '0.0950'),
(90082, '0.0950'),
(90083, '0.0950'),
(90084, '0.0950'),
(90086, '0.0950'),
(90087, '0.0950'),
(90088, '0.0950'),
(90089, '0.0950'),
(90090, '0.0950'),
(90091, '0.0950'),
(90093, '0.0950'),
(90094, '0.0950'),
(90095, '0.0950'),
(90096, '0.0950'),
(90099, '0.0950'),
(90101, '0.0950'),
(90201, '0.0950'),
(90202, '0.0950'),
(90209, '0.0950'),
(90210, '0.0950'),
(90211, '0.0950'),
(90212, '0.0950'),
(90213, '0.0950'),
(90220, '0.1025'),
(90221, '0.1025'),
(90222, '0.1025'),
(90223, '0.1025'),
(90224, '0.1025'),
(90230, '0.1025'),
(90231, '0.1025'),
(90232, '0.1025'),
(90233, '0.1025'),
(90239, '0.1000'),
(90240, '0.1000'),
(90241, '0.1000'),
(90242, '0.1000'),
(90245, '0.0950'),
(90247, '0.0950'),
(90248, '0.0950'),
(90249, '0.0950'),
(90250, '0.1025'),
(90251, '0.1025'),
(90254, '0.0950'),
(90255, '0.1025'),
(90260, '0.1025'),
(90261, '0.1025'),
(90262, '0.1025'),
(90263, '0.0950'),
(90264, '0.0950'),
(90265, '0.0950'),
(90266, '0.0950'),
(90267, '0.0950'),
(90270, '0.0950'),
(90272, '0.0950'),
(90274, '0.0950'),
(90275, '0.0950'),
(90277, '0.0950'),
(90278, '0.0950'),
(90280, '0.1025'),
(90290, '0.0950'),
(90291, '0.0950'),
(90292, '0.0950'),
(90293, '0.0950'),
(90294, '0.0950'),
(90295, '0.0950'),
(90296, '0.0950'),
(90301, '0.1000'),
(90302, '0.1000'),
(90303, '0.1000'),
(90304, '0.0950'),
(90305, '0.1000'),
(90306, '0.1000'),
(90307, '0.1000'),
(90308, '0.1000'),
(90309, '0.1000'),
(90310, '0.1000'),
(90311, '0.1000'),
(90401, '0.1025'),
(90402, '0.1025'),
(90403, '0.1025'),
(90404, '0.1025'),
(90405, '0.1025'),
(90406, '0.1025'),
(90408, '0.1025'),
(90409, '0.1025'),
(90501, '0.0950'),
(90502, '0.0950'),
(90503, '0.0950'),
(90504, '0.0950'),
(90505, '0.0950'),
(90506, '0.0950'),
(90507, '0.0950'),
(90508, '0.0950'),
(90510, '0.0950'),
(90601, '0.0950'),
(90602, '0.0950'),
(90603, '0.0950'),
(90604, '0.0950'),
(90605, '0.0950'),
(90606, '0.0950'),
(90607, '0.0950'),
(90608, '0.0950'),
(90609, '0.0950'),
(90620, '0.0775'),
(90621, '0.0775'),
(90622, '0.0775'),
(90623, '0.0875'),
(90630, '0.0775'),
(90631, '0.0825'),
(90632, '0.0825'),
(90633, '0.0825'),
(90637, '0.0950'),
(90638, '0.0950'),
(90639, '0.0950'),
(90640, '0.0950'),
(90650, '0.0950'),
(90651, '0.0950'),
(90652, '0.0950'),
(90660, '0.1025'),
(90662, '0.1025'),
(90670, '0.1050'),
(90671, '0.1050'),
(90680, '0.0875'),
(90701, '0.0950'),
(90702, '0.0950'),
(90703, '0.0950'),
(90704, '0.1000'),
(90706, '0.0950'),
(90707, '0.0950'),
(90710, '0.0950'),
(90711, '0.0950'),
(90712, '0.0950'),
(90713, '0.0950'),
(90714, '0.0950'),
(90715, '0.0950'),
(90716, '0.0950'),
(90717, '0.0950'),
(90720, '0.0775'),
(90721, '0.0775'),
(90723, '0.0950'),
(90731, '0.0950'),
(90732, '0.0950'),
(90733, '0.0950'),
(90734, '0.0950'),
(90740, '0.0875'),
(90742, '0.0775'),
(90743, '0.0875'),
(90744, '0.0950'),
(90745, '0.0950'),
(90746, '0.0950'),
(90747, '0.0950'),
(90748, '0.0950'),
(90749, '0.0950'),
(90755, '0.0950'),
(90801, '0.1025'),
(90802, '0.1025'),
(90803, '0.1025'),
(90804, '0.1025'),
(90805, '0.1025'),
(90806, '0.1025'),
(90807, '0.1025'),
(90808, '0.1025'),
(90809, '0.1025'),
(90810, '0.1025'),
(90813, '0.1025'),
(90814, '0.1025'),
(90815, '0.1025'),
(90822, '0.1025'),
(90831, '0.1025'),
(90832, '0.1025'),
(90833, '0.1025'),
(90840, '0.1025'),
(90844, '0.1025'),
(90846, '0.1050'),
(90853, '0.1025'),
(90895, '0.0950'),
(90899, '0.1025'),
(91001, '0.0950'),
(91003, '0.0950'),
(91006, '0.0950'),
(91007, '0.0950'),
(91008, '0.0950'),
(91009, '0.0950'),
(91010, '0.0950'),
(91011, '0.0950'),
(91012, '0.0950'),
(91016, '0.0950'),
(91017, '0.0950'),
(91020, '0.0950'),
(91021, '0.0950'),
(91024, '0.0950'),
(91025, '0.0950'),
(91030, '0.0950'),
(91031, '0.0950'),
(91040, '0.0950'),
(91041, '0.0950'),
(91042, '0.0950'),
(91043, '0.0950'),
(91046, '0.1025'),
(91066, '0.0950'),
(91077, '0.0950'),
(91101, '0.1025'),
(91102, '0.1025'),
(91103, '0.1025'),
(91104, '0.1025'),
(91105, '0.1025'),
(91106, '0.1025'),
(91107, '0.1025'),
(91108, '0.0950'),
(91109, '0.1025'),
(91114, '0.1025'),
(91115, '0.1025'),
(91116, '0.1025'),
(91117, '0.1025'),
(91118, '0.0950'),
(91121, '0.1025'),
(91123, '0.1025'),
(91124, '0.1025'),
(91125, '0.1025'),
(91126, '0.1025'),
(91129, '0.1025'),
(91182, '0.1025'),
(91184, '0.1025'),
(91185, '0.1025'),
(91188, '0.1025'),
(91189, '0.1025'),
(91199, '0.1025'),
(91201, '0.1025'),
(91202, '0.1025'),
(91203, '0.1025'),
(91204, '0.1025'),
(91205, '0.1025'),
(91206, '0.1025'),
(91207, '0.1025'),
(91208, '0.1025'),
(91209, '0.1025'),
(91210, '0.1025'),
(91214, '0.1025'),
(91221, '0.1025'),
(91222, '0.1025'),
(91224, '0.1025'),
(91225, '0.1025'),
(91226, '0.1025'),
(91301, '0.0950'),
(91302, '0.0950'),
(91303, '0.0950'),
(91304, '0.0950'),
(91305, '0.0950'),
(91306, '0.0950'),
(91307, '0.0950'),
(91308, '0.0950'),
(91309, '0.0950'),
(91311, '0.0950'),
(91313, '0.0950'),
(91316, '0.0950'),
(91319, '0.0725'),
(91320, '0.0725'),
(91321, '0.0950'),
(91322, '0.0950'),
(91324, '0.0950'),
(91325, '0.0950'),
(91326, '0.0950'),
(91327, '0.0950'),
(91328, '0.0950'),
(91329, '0.0950'),
(91330, '0.0950'),
(91331, '0.0950'),
(91333, '0.0950'),
(91334, '0.0950'),
(91335, '0.0950'),
(91337, '0.0950'),
(91340, '0.1000'),
(91341, '0.1000'),
(91342, '0.0950'),
(91343, '0.0950'),
(91344, '0.0950'),
(91345, '0.0950'),
(91346, '0.0950'),
(91350, '0.0950'),
(91351, '0.0950'),
(91352, '0.0950'),
(91353, '0.0950'),
(91354, '0.0950'),
(91355, '0.0950'),
(91356, '0.0950'),
(91357, '0.0950'),
(91358, '0.0725'),
(91359, '0.0725'),
(91360, '0.0725'),
(91361, '0.0725'),
(91362, '0.0725'),
(91364, '0.0950'),
(91365, '0.0950'),
(91367, '0.0950'),
(91371, '0.0950'),
(91372, '0.0950'),
(91376, '0.0950'),
(91377, '0.0725'),
(91380, '0.0950'),
(91381, '0.0950'),
(91382, '0.0950'),
(91383, '0.0950'),
(91384, '0.0950'),
(91385, '0.0950'),
(91386, '0.0950'),
(91387, '0.0950'),
(91390, '0.0950'),
(91392, '0.0950'),
(91393, '0.0950'),
(91394, '0.0950'),
(91395, '0.0950'),
(91396, '0.0950'),
(91401, '0.0950'),
(91402, '0.0950'),
(91403, '0.0950'),
(91404, '0.0950'),
(91405, '0.0950'),
(91406, '0.0950'),
(91407, '0.0950'),
(91408, '0.0950'),
(91409, '0.0950'),
(91411, '0.0950'),
(91412, '0.0950'),
(91413, '0.0950'),
(91416, '0.0950'),
(91423, '0.0950'),
(91426, '0.0950'),
(91436, '0.0950'),
(91470, '0.0950'),
(91482, '0.0950'),
(91495, '0.0950'),
(91496, '0.0950'),
(91501, '0.1025'),
(91502, '0.1025'),
(91503, '0.1025'),
(91504, '0.1025'),
(91505, '0.1025'),
(91506, '0.1025'),
(91507, '0.1025'),
(91508, '0.1025'),
(91510, '0.1025'),
(91521, '0.1025'),
(91522, '0.1025'),
(91523, '0.1025'),
(91526, '0.1025'),
(91601, '0.0950'),
(91602, '0.0950'),
(91603, '0.0950'),
(91604, '0.0950'),
(91605, '0.0950'),
(91606, '0.0950'),
(91607, '0.0950'),
(91608, '0.0950'),
(91609, '0.0950'),
(91610, '0.0950'),
(91611, '0.0950'),
(91612, '0.0950'),
(91614, '0.0950'),
(91615, '0.0950'),
(91617, '0.0950'),
(91618, '0.0950'),
(91701, '0.0775'),
(91702, '0.0950'),
(91706, '0.0950'),
(91708, '0.0775'),
(91709, '0.0775'),
(91710, '0.0775'),
(91711, '0.0950'),
(91714, '0.0950'),
(91715, '0.0950'),
(91722, '0.1025'),
(91723, '0.1025'),
(91724, '0.1025'),
(91729, '0.0775'),
(91730, '0.0775'),
(91731, '0.1000'),
(91732, '0.1000'),
(91733, '0.1000'),
(91734, '0.1000'),
(91737, '0.0775'),
(91739, '0.0775'),
(91740, '0.1025'),
(91741, '0.1025'),
(91743, '0.0775'),
(91744, '0.1000'),
(91745, '0.0950'),
(91746, '0.0950'),
(91747, '0.1000'),
(91748, '0.0950'),
(91750, '0.0950'),
(91752, '0.0775'),
(91754, '0.0950'),
(91755, '0.0950'),
(91756, '0.0950'),
(91759, '0.0775'),
(91761, '0.0775'),
(91762, '0.0775'),
(91763, '0.0800'),
(91764, '0.0775'),
(91765, '0.0950'),
(91766, '0.1025'),
(91767, '0.1025'),
(91768, '0.1025'),
(91769, '0.1025'),
(91770, '0.0950'),
(91773, '0.0950'),
(91775, '0.0950'),
(91776, '0.0950'),
(91778, '0.0950'),
(91780, '0.0950'),
(91784, '0.0775'),
(91785, '0.0775'),
(91786, '0.0775'),
(91788, '0.0950'),
(91789, '0.0950'),
(91790, '0.0950'),
(91791, '0.0950'),
(91792, '0.0950'),
(91793, '0.0950'),
(91801, '0.0950'),
(91802, '0.0950'),
(91803, '0.0950'),
(91804, '0.0950'),
(91896, '0.0950'),
(91899, '0.0950'),
(91901, '0.0775'),
(91902, '0.0775'),
(91903, '0.0775'),
(91905, '0.0775'),
(91906, '0.0775'),
(91908, '0.0775'),
(91910, '0.0875'),
(91911, '0.0875'),
(91912, '0.0875'),
(91913, '0.0875'),
(91914, '0.0875'),
(91915, '0.0875'),
(91916, '0.0775'),
(91917, '0.0775'),
(91921, '0.0875'),
(91931, '0.0775'),
(91932, '0.0775'),
(91933, '0.0775'),
(91934, '0.0775'),
(91935, '0.0775'),
(91941, '0.0850'),
(91942, '0.0850'),
(91943, '0.0850'),
(91944, '0.0850'),
(91945, '0.0775'),
(91946, '0.0775'),
(91948, '0.0775'),
(91950, '0.0875'),
(91951, '0.0875'),
(91962, '0.0775'),
(91963, '0.0775'),
(91976, '0.0775'),
(91977, '0.0775'),
(91978, '0.0775'),
(91979, '0.0775'),
(91980, '0.0775'),
(92003, '0.0775'),
(92004, '0.0775'),
(92007, '0.0775'),
(92008, '0.0775'),
(92009, '0.0775'),
(92010, '0.0775'),
(92011, '0.0775'),
(92013, '0.0775'),
(92014, '0.0875'),
(92018, '0.0775'),
(92019, '0.0775'),
(92020, '0.0825'),
(92021, '0.0775'),
(92022, '0.0825'),
(92023, '0.0775'),
(92024, '0.0775'),
(92025, '0.0775'),
(92026, '0.0775'),
(92027, '0.0775'),
(92028, '0.0775'),
(92029, '0.0775'),
(92030, '0.0775'),
(92033, '0.0775'),
(92036, '0.0775'),
(92037, '0.0775'),
(92038, '0.0775'),
(92039, '0.0775'),
(92040, '0.0775'),
(92046, '0.0775'),
(92049, '0.0825'),
(92051, '0.0825'),
(92052, '0.0825'),
(92054, '0.0825'),
(92055, '0.0775'),
(92056, '0.0825'),
(92057, '0.0825'),
(92058, '0.0825'),
(92059, '0.0775'),
(92060, '0.0775'),
(92061, '0.0775'),
(92064, '0.0775'),
(92065, '0.0775'),
(92066, '0.0775'),
(92067, '0.0775'),
(92068, '0.0825'),
(92069, '0.0775'),
(92070, '0.0775'),
(92071, '0.0775'),
(92072, '0.0775'),
(92074, '0.0775'),
(92075, '0.0775'),
(92078, '0.0775'),
(92079, '0.0775'),
(92081, '0.0825'),
(92082, '0.0775'),
(92083, '0.0825'),
(92084, '0.0825'),
(92085, '0.0825'),
(92086, '0.0775'),
(92088, '0.0775'),
(92091, '0.0775'),
(92092, '0.0775'),
(92093, '0.0775'),
(92096, '0.0775'),
(92101, '0.0775'),
(92102, '0.0775'),
(92103, '0.0775'),
(92104, '0.0775'),
(92105, '0.0775'),
(92106, '0.0775'),
(92107, '0.0775'),
(92108, '0.0775'),
(92109, '0.0775'),
(92110, '0.0775'),
(92111, '0.0775'),
(92112, '0.0775'),
(92113, '0.0775'),
(92114, '0.0775'),
(92115, '0.0775'),
(92116, '0.0775'),
(92117, '0.0775'),
(92118, '0.0775'),
(92119, '0.0775'),
(92120, '0.0775'),
(92121, '0.0775'),
(92122, '0.0775'),
(92123, '0.0775'),
(92124, '0.0775'),
(92126, '0.0775'),
(92127, '0.0775'),
(92128, '0.0775'),
(92129, '0.0775'),
(92130, '0.0775'),
(92131, '0.0775'),
(92132, '0.0775'),
(92134, '0.0775'),
(92136, '0.0775'),
(92137, '0.0775'),
(92138, '0.0775'),
(92139, '0.0775'),
(92140, '0.0775'),
(92142, '0.0775'),
(92143, '0.0775'),
(92145, '0.0775'),
(92147, '0.0775'),
(92149, '0.0775'),
(92150, '0.0775'),
(92152, '0.0775'),
(92153, '0.0775'),
(92154, '0.0775'),
(92155, '0.0775'),
(92158, '0.0775'),
(92159, '0.0775'),
(92160, '0.0775'),
(92161, '0.0775'),
(92163, '0.0775'),
(92164, '0.0775'),
(92165, '0.0775'),
(92166, '0.0775'),
(92167, '0.0775'),
(92168, '0.0775'),
(92169, '0.0775'),
(92170, '0.0775'),
(92171, '0.0775'),
(92172, '0.0775'),
(92173, '0.0775'),
(92174, '0.0775'),
(92175, '0.0775'),
(92176, '0.0775'),
(92177, '0.0775'),
(92178, '0.0775'),
(92179, '0.0775'),
(92182, '0.0775'),
(92187, '0.0775'),
(92191, '0.0775'),
(92192, '0.0775'),
(92193, '0.0775'),
(92195, '0.0775'),
(92196, '0.0775'),
(92197, '0.0775'),
(92198, '0.0775'),
(92199, '0.0775'),
(92201, '0.0875'),
(92202, '0.0875'),
(92203, '0.0875'),
(92210, '0.0775'),
(92211, '0.0775'),
(92220, '0.0775'),
(92222, '0.0775'),
(92223, '0.0775'),
(92225, '0.0775'),
(92226, '0.0775'),
(92227, '0.0775'),
(92230, '0.0775'),
(92231, '0.0825'),
(92232, '0.0825'),
(92233, '0.0775'),
(92234, '0.0875'),
(92235, '0.0875'),
(92236, '0.0875'),
(92239, '0.0775'),
(92240, '0.0775'),
(92241, '0.0775'),
(92242, '0.0775'),
(92243, '0.0825'),
(92244, '0.0825'),
(92247, '0.0875'),
(92248, '0.0875'),
(92249, '0.0775'),
(92250, '0.0775'),
(92251, '0.0775'),
(92252, '0.0775'),
(92253, '0.0875'),
(92254, '0.0775'),
(92255, '0.0775'),
(92256, '0.0775'),
(92257, '0.0775'),
(92258, '0.0775'),
(92259, '0.0775'),
(92260, '0.0775'),
(92261, '0.0775'),
(92262, '0.0925'),
(92263, '0.0925'),
(92264, '0.0925'),
(92266, '0.0775'),
(92267, '0.0775'),
(92268, '0.0775'),
(92270, '0.0775'),
(92273, '0.0775'),
(92274, '0.0775'),
(92275, '0.0775'),
(92276, '0.0775'),
(92277, '0.0775'),
(92278, '0.0775'),
(92280, '0.0775'),
(92281, '0.0775'),
(92282, '0.0775'),
(92283, '0.0775'),
(92284, '0.0875'),
(92285, '0.0775'),
(92286, '0.0875'),
(92301, '0.0775'),
(92304, '0.0775'),
(92305, '0.0775'),
(92307, '0.0775'),
(92308, '0.0775'),
(92309, '0.0775'),
(92310, '0.0775'),
(92311, '0.0875'),
(92312, '0.0875'),
(92313, '0.0775'),
(92314, '0.0775'),
(92315, '0.0775'),
(92316, '0.0775'),
(92317, '0.0775'),
(92318, '0.0775'),
(92320, '0.0775'),
(92321, '0.0775'),
(92322, '0.0775'),
(92324, '0.0775'),
(92325, '0.0775'),
(92326, '0.0775'),
(92327, '0.0775'),
(92328, '0.0775'),
(92329, '0.0775'),
(92331, '0.0775'),
(92332, '0.0775'),
(92333, '0.0775'),
(92334, '0.0775'),
(92335, '0.0775'),
(92336, '0.0775'),
(92337, '0.0775'),
(92339, '0.0775'),
(92340, '0.0775'),
(92341, '0.0775'),
(92342, '0.0775'),
(92344, '0.0775'),
(92345, '0.0775'),
(92346, '0.0775'),
(92347, '0.0775'),
(92350, '0.0775'),
(92352, '0.0775'),
(92354, '0.0775'),
(92356, '0.0775'),
(92357, '0.0775'),
(92358, '0.0775'),
(92359, '0.0775'),
(92363, '0.0775'),
(92364, '0.0775'),
(92365, '0.0775'),
(92366, '0.0775'),
(92368, '0.0775'),
(92369, '0.0800'),
(92371, '0.0775'),
(92372, '0.0775'),
(92373, '0.0775'),
(92374, '0.0775'),
(92375, '0.0775'),
(92376, '0.0775'),
(92377, '0.0775'),
(92378, '0.0775'),
(92382, '0.0775'),
(92384, '0.0775'),
(92385, '0.0775'),
(92386, '0.0775'),
(92389, '0.0775'),
(92391, '0.0775'),
(92392, '0.0775'),
(92393, '0.0775'),
(92394, '0.0775'),
(92395, '0.0775'),
(92397, '0.0775'),
(92398, '0.0775'),
(92399, '0.0775'),
(92401, '0.0800'),
(92402, '0.0800'),
(92403, '0.0800'),
(92404, '0.0800'),
(92405, '0.0800'),
(92406, '0.0800'),
(92407, '0.0800'),
(92408, '0.0800'),
(92410, '0.0800'),
(92411, '0.0800'),
(92412, '0.0800'),
(92413, '0.0800'),
(92415, '0.0800'),
(92418, '0.0800'),
(92423, '0.0775'),
(92427, '0.0800'),
(92501, '0.0875'),
(92502, '0.0875'),
(92503, '0.0875'),
(92504, '0.0875'),
(92505, '0.0875'),
(92506, '0.0875'),
(92507, '0.0875'),
(92508, '0.0875'),
(92509, '0.0775'),
(92513, '0.0875'),
(92514, '0.0875'),
(92516, '0.0875'),
(92517, '0.0875'),
(92518, '0.0775'),
(92519, '0.0775'),
(92521, '0.0875'),
(92522, '0.0875'),
(92530, '0.0775'),
(92531, '0.0775'),
(92532, '0.0775'),
(92536, '0.0775'),
(92539, '0.0775'),
(92543, '0.0875'),
(92544, '0.0775'),
(92545, '0.0875'),
(92546, '0.0875'),
(92548, '0.0775'),
(92549, '0.0775'),
(92551, '0.0775'),
(92552, '0.0775'),
(92553, '0.0775'),
(92555, '0.0775'),
(92556, '0.0775'),
(92557, '0.0775'),
(92561, '0.0775'),
(92562, '0.0875'),
(92563, '0.0875'),
(92564, '0.0875'),
(92567, '0.0775'),
(92570, '0.0775'),
(92571, '0.0775'),
(92572, '0.0775'),
(92581, '0.0775'),
(92582, '0.0775'),
(92583, '0.0775'),
(92584, '0.0875'),
(92585, '0.0875'),
(92586, '0.0875'),
(92587, '0.0775'),
(92589, '0.0875'),
(92590, '0.0875'),
(92591, '0.0875'),
(92592, '0.0875'),
(92593, '0.0875'),
(92595, '0.0875'),
(92596, '0.0775'),
(92599, '0.0775'),
(92602, '0.0775'),
(92603, '0.0775'),
(92604, '0.0775'),
(92605, '0.0775'),
(92606, '0.0775'),
(92607, '0.0775'),
(92609, '0.0775'),
(92610, '0.0775'),
(92612, '0.0775'),
(92614, '0.0775'),
(92615, '0.0775'),
(92616, '0.0775'),
(92617, '0.0775'),
(92618, '0.0775'),
(92619, '0.0775'),
(92620, '0.0775'),
(92623, '0.0775'),
(92624, '0.0775'),
(92625, '0.0775'),
(92626, '0.0775'),
(92627, '0.0775'),
(92628, '0.0775'),
(92629, '0.0775'),
(92630, '0.0775'),
(92637, '0.0775'),
(92646, '0.0775'),
(92647, '0.0775'),
(92648, '0.0775'),
(92649, '0.0775'),
(92650, '0.0775'),
(92651, '0.0775'),
(92652, '0.0775'),
(92653, '0.0775'),
(92654, '0.0775'),
(92655, '0.0775'),
(92656, '0.0775'),
(92657, '0.0775'),
(92658, '0.0775'),
(92659, '0.0775'),
(92660, '0.0775'),
(92661, '0.0775'),
(92662, '0.0775'),
(92663, '0.0775'),
(92672, '0.0775'),
(92673, '0.0775'),
(92674, '0.0775'),
(92675, '0.0775'),
(92676, '0.0775'),
(92677, '0.0775'),
(92678, '0.0775'),
(92679, '0.0775'),
(92683, '0.0875'),
(92684, '0.0875'),
(92685, '0.0875'),
(92688, '0.0775'),
(92690, '0.0775'),
(92691, '0.0775'),
(92692, '0.0775'),
(92693, '0.0775'),
(92694, '0.0775'),
(92697, '0.0775'),
(92698, '0.0775'),
(92701, '0.0925'),
(92702, '0.0925'),
(92703, '0.0925'),
(92704, '0.0925'),
(92705, '0.0925'),
(92706, '0.0925'),
(92707, '0.0925'),
(92708, '0.0875'),
(92711, '0.0925'),
(92712, '0.0925'),
(92728, '0.0875'),
(92735, '0.0925'),
(92780, '0.0775'),
(92781, '0.0775'),
(92782, '0.0775'),
(92799, '0.0925'),
(92801, '0.0775'),
(92802, '0.0775'),
(92803, '0.0775'),
(92804, '0.0775'),
(92805, '0.0775'),
(92806, '0.0775'),
(92807, '0.0775'),
(92808, '0.0775'),
(92809, '0.0775'),
(92811, '0.0775'),
(92812, '0.0775'),
(92814, '0.0775'),
(92815, '0.0775'),
(92816, '0.0775'),
(92817, '0.0775'),
(92821, '0.0775'),
(92822, '0.0775'),
(92823, '0.0775'),
(92825, '0.0775'),
(92831, '0.0775'),
(92832, '0.0775'),
(92833, '0.0775'),
(92834, '0.0775'),
(92835, '0.0775'),
(92836, '0.0775'),
(92837, '0.0775'),
(92838, '0.0775'),
(92840, '0.0875'),
(92841, '0.0875'),
(92842, '0.0875'),
(92843, '0.0875'),
(92844, '0.0875'),
(92845, '0.0875'),
(92846, '0.0875'),
(92856, '0.0775'),
(92857, '0.0775'),
(92859, '0.0775'),
(92860, '0.0875'),
(92861, '0.0775'),
(92862, '0.0775'),
(92863, '0.0775'),
(92864, '0.0775'),
(92865, '0.0775'),
(92866, '0.0775'),
(92867, '0.0775'),
(92868, '0.0775'),
(92869, '0.0775'),
(92870, '0.0875'),
(92871, '0.0875'),
(92877, '0.0775'),
(92878, '0.0775'),
(92879, '0.0775'),
(92880, '0.0775'),
(92881, '0.0775'),
(92882, '0.0775'),
(92883, '0.0775'),
(92885, '0.0775'),
(92886, '0.0775'),
(92887, '0.0775'),
(92899, '0.0775'),
(93001, '0.0775'),
(93002, '0.0775'),
(93003, '0.0775'),
(93004, '0.0775'),
(93005, '0.0775'),
(93006, '0.0775'),
(93007, '0.0775'),
(93009, '0.0775'),
(93010, '0.0725'),
(93011, '0.0725'),
(93012, '0.0725'),
(93013, '0.0900'),
(93014, '0.0900'),
(93015, '0.0725'),
(93016, '0.0725'),
(93020, '0.0725'),
(93021, '0.0725'),
(93022, '0.0725'),
(93023, '0.0725'),
(93024, '0.0725'),
(93030, '0.0775'),
(93031, '0.0775'),
(93032, '0.0775'),
(93033, '0.0775'),
(93034, '0.0775'),
(93035, '0.0775'),
(93036, '0.0775'),
(93040, '0.0725'),
(93041, '0.0875'),
(93042, '0.0725'),
(93043, '0.0875'),
(93044, '0.0875'),
(93060, '0.0825'),
(93061, '0.0825'),
(93062, '0.0725'),
(93063, '0.0725'),
(93064, '0.0725'),
(93065, '0.0725'),
(93066, '0.0725'),
(93067, '0.0775'),
(93094, '0.0725'),
(93099, '0.0725'),
(93101, '0.0875'),
(93102, '0.0875'),
(93103, '0.0875'),
(93105, '0.0875'),
(93106, '0.0775'),
(93108, '0.0775'),
(93109, '0.0875'),
(93110, '0.0775'),
(93111, '0.0775'),
(93116, '0.0775'),
(93117, '0.0775'),
(93118, '0.0775'),
(93120, '0.0875'),
(93121, '0.0875'),
(93130, '0.0875'),
(93140, '0.0875'),
(93150, '0.0775'),
(93160, '0.0775'),
(93190, '0.0875'),
(93199, '0.0775'),
(93201, '0.0775'),
(93202, '0.0725'),
(93203, '0.0825'),
(93204, '0.0725'),
(93205, '0.0725'),
(93206, '0.0725'),
(93207, '0.0775'),
(93208, '0.0775'),
(93210, '0.0898'),
(93212, '0.0825'),
(93215, '0.0825'),
(93218, '0.0775'),
(93219, '0.0775'),
(93220, '0.0725'),
(93221, '0.0775'),
(93222, '0.0725'),
(93223, '0.0875'),
(93224, '0.0725'),
(93225, '0.0725'),
(93226, '0.0725'),
(93227, '0.0775'),
(93230, '0.0725'),
(93232, '0.0725'),
(93234, '0.0898'),
(93235, '0.0775'),
(93237, '0.0775'),
(93238, '0.0725'),
(93239, '0.0725'),
(93240, '0.0725'),
(93241, '0.0725'),
(93242, '0.0798'),
(93243, '0.0725'),
(93244, '0.0775'),
(93245, '0.0725'),
(93246, '0.0725'),
(93247, '0.0875'),
(93249, '0.0725'),
(93250, '0.0725'),
(93251, '0.0725'),
(93252, '0.0725'),
(93254, '0.0775'),
(93255, '0.0725'),
(93256, '0.0775'),
(93257, '0.0925'),
(93258, '0.0925'),
(93260, '0.0775'),
(93261, '0.0775'),
(93262, '0.0775'),
(93263, '0.0725'),
(93265, '0.0775'),
(93266, '0.0725'),
(93267, '0.0775'),
(93268, '0.0725'),
(93270, '0.0775'),
(93271, '0.0775'),
(93272, '0.0775'),
(93274, '0.0825'),
(93275, '0.0825'),
(93276, '0.0725'),
(93277, '0.0850'),
(93278, '0.0850'),
(93279, '0.0850'),
(93280, '0.0825'),
(93282, '0.0775'),
(93283, '0.0725'),
(93285, '0.0725'),
(93286, '0.0875'),
(93287, '0.0725'),
(93290, '0.0850'),
(93291, '0.0850'),
(93292, '0.0850'),
(93301, '0.0825'),
(93302, '0.0725'),
(93303, '0.0725'),
(93304, '0.0825'),
(93305, '0.0825'),
(93306, '0.0825'),
(93307, '0.0825'),
(93308, '0.0725'),
(93309, '0.0825'),
(93311, '0.0825'),
(93312, '0.0825'),
(93313, '0.0825'),
(93314, '0.0725'),
(93380, '0.0725'),
(93384, '0.0825'),
(93385, '0.0825'),
(93386, '0.0725'),
(93387, '0.0825'),
(93388, '0.0725'),
(93389, '0.0825'),
(93390, '0.0825'),
(93401, '0.0775'),
(93402, '0.0725'),
(93403, '0.0775'),
(93405, '0.0775'),
(93406, '0.0775'),
(93407, '0.0725'),
(93408, '0.0775'),
(93409, '0.0775'),
(93410, '0.0725'),
(93412, '0.0725'),
(93420, '0.0775'),
(93421, '0.0725'),
(93422, '0.0775'),
(93423, '0.0775'),
(93424, '0.0725'),
(93426, '0.0775'),
(93427, '0.0775'),
(93428, '0.0725'),
(93429, '0.0775'),
(93430, '0.0725'),
(93432, '0.0725'),
(93433, '0.0775'),
(93434, '0.0800'),
(93435, '0.0725'),
(93436, '0.0775'),
(93437, '0.0775'),
(93438, '0.0775'),
(93440, '0.0775'),
(93441, '0.0775'),
(93442, '0.0775'),
(93443, '0.0775'),
(93444, '0.0725'),
(93445, '0.0725'),
(93446, '0.0775'),
(93447, '0.0775'),
(93448, '0.0775'),
(93449, '0.0775'),
(93450, '0.0775'),
(93451, '0.0725'),
(93452, '0.0725'),
(93453, '0.0725'),
(93454, '0.0875'),
(93455, '0.0775'),
(93456, '0.0875'),
(93457, '0.0775'),
(93458, '0.0875'),
(93460, '0.0775'),
(93461, '0.0725'),
(93463, '0.0775'),
(93464, '0.0775'),
(93465, '0.0725'),
(93475, '0.0725'),
(93483, '0.0775'),
(93501, '0.0725'),
(93502, '0.0725'),
(93504, '0.0725'),
(93505, '0.0725'),
(93510, '0.0950'),
(93512, '0.0725'),
(93513, '0.0775'),
(93514, '0.0775'),
(93515, '0.0775'),
(93516, '0.0725'),
(93517, '0.0725'),
(93518, '0.0725'),
(93522, '0.0775'),
(93523, '0.0725'),
(93524, '0.0725'),
(93526, '0.0775'),
(93527, '0.0725'),
(93528, '0.0725'),
(93529, '0.0725'),
(93530, '0.0775'),
(93531, '0.0725'),
(93532, '0.0950'),
(93534, '0.0950'),
(93535, '0.0950'),
(93536, '0.0950'),
(93539, '0.0950'),
(93541, '0.0725'),
(93543, '0.0950'),
(93544, '0.0950'),
(93545, '0.0775'),
(93546, '0.0775'),
(93549, '0.0775'),
(93550, '0.0950'),
(93551, '0.0950'),
(93552, '0.0950'),
(93553, '0.0950'),
(93554, '0.0725'),
(93555, '0.0825'),
(93556, '0.0825'),
(93560, '0.0725'),
(93561, '0.0725'),
(93562, '0.0775'),
(93563, '0.0950'),
(93581, '0.0725'),
(93584, '0.0950'),
(93586, '0.0950'),
(93590, '0.0950'),
(93591, '0.0950'),
(93599, '0.0950'),
(93601, '0.0775'),
(93602, '0.0798'),
(93603, '0.0775'),
(93604, '0.0775'),
(93605, '0.0798'),
(93606, '0.0798'),
(93608, '0.0798'),
(93609, '0.0798'),
(93610, '0.0875'),
(93611, '0.0798'),
(93612, '0.0798'),
(93613, '0.0798'),
(93614, '0.0775'),
(93615, '0.0775'),
(93616, '0.0798'),
(93618, '0.0850'),
(93619, '0.0798'),
(93620, '0.0775'),
(93621, '0.0798'),
(93622, '0.0798'),
(93623, '0.0775'),
(93624, '0.0798'),
(93625, '0.0898'),
(93626, '0.0798'),
(93627, '0.0798'),
(93628, '0.0798'),
(93630, '0.0898'),
(93631, '0.0898'),
(93633, '0.0775'),
(93634, '0.0798'),
(93635, '0.0875'),
(93636, '0.0775'),
(93637, '0.0825'),
(93638, '0.0825'),
(93639, '0.0825'),
(93640, '0.0798'),
(93641, '0.0798'),
(93643, '0.0775'),
(93644, '0.0775'),
(93645, '0.0775'),
(93646, '0.0798'),
(93647, '0.0775'),
(93648, '0.0798'),
(93649, '0.0798'),
(93650, '0.0798'),
(93651, '0.0798'),
(93652, '0.0798'),
(93653, '0.0775'),
(93654, '0.0848'),
(93656, '0.0798'),
(93657, '0.0873'),
(93660, '0.0798'),
(93661, '0.0775'),
(93662, '0.0848'),
(93664, '0.0798'),
(93665, '0.0775'),
(93666, '0.0775'),
(93667, '0.0798'),
(93668, '0.0798'),
(93669, '0.0775'),
(93670, '0.0775'),
(93673, '0.0775'),
(93675, '0.0798'),
(93701, '0.0798'),
(93702, '0.0798'),
(93703, '0.0798'),
(93704, '0.0798'),
(93705, '0.0798'),
(93706, '0.0798'),
(93707, '0.0798'),
(93708, '0.0798'),
(93709, '0.0798'),
(93710, '0.0798'),
(93711, '0.0798'),
(93712, '0.0798'),
(93714, '0.0798'),
(93715, '0.0798'),
(93716, '0.0798'),
(93717, '0.0798'),
(93718, '0.0798'),
(93720, '0.0798'),
(93721, '0.0798'),
(93722, '0.0798'),
(93723, '0.0798'),
(93724, '0.0798'),
(93725, '0.0798'),
(93726, '0.0798'),
(93727, '0.0798'),
(93728, '0.0798'),
(93729, '0.0798'),
(93730, '0.0798'),
(93737, '0.0798'),
(93740, '0.0798'),
(93741, '0.0798'),
(93744, '0.0798'),
(93745, '0.0798'),
(93747, '0.0798'),
(93750, '0.0798'),
(93755, '0.0798'),
(93760, '0.0798'),
(93761, '0.0798'),
(93764, '0.0798'),
(93765, '0.0798'),
(93771, '0.0798'),
(93772, '0.0798'),
(93773, '0.0798'),
(93774, '0.0798'),
(93775, '0.0798'),
(93776, '0.0798'),
(93777, '0.0798'),
(93778, '0.0798'),
(93779, '0.0798'),
(93786, '0.0798'),
(93790, '0.0798'),
(93791, '0.0798'),
(93792, '0.0798'),
(93793, '0.0798'),
(93794, '0.0798'),
(93844, '0.0798'),
(93888, '0.0798'),
(93901, '0.0925'),
(93902, '0.0925'),
(93905, '0.0925'),
(93906, '0.0925'),
(93907, '0.0775'),
(93908, '0.0775'),
(93912, '0.0925'),
(93915, '0.0925'),
(93920, '0.0775'),
(93921, '0.0875'),
(93922, '0.0775'),
(93923, '0.0775'),
(93924, '0.0775'),
(93925, '0.0775'),
(93926, '0.0825'),
(93927, '0.0950'),
(93928, '0.0775'),
(93930, '0.0875'),
(93932, '0.0775'),
(93933, '0.0925'),
(93940, '0.0875'),
(93942, '0.0875'),
(93943, '0.0875'),
(93944, '0.0875'),
(93950, '0.0875'),
(93953, '0.0775'),
(93954, '0.0775'),
(93955, '0.0925'),
(93960, '0.0875'),
(93962, '0.0775'),
(94002, '0.0975'),
(94005, '0.0925'),
(94010, '0.0950'),
(94011, '0.0950'),
(94014, '0.0925'),
(94015, '0.0925'),
(94017, '0.0925'),
(94018, '0.0925'),
(94019, '0.0925'),
(94020, '0.0925'),
(94021, '0.0925'),
(94022, '0.0900'),
(94023, '0.0900'),
(94024, '0.0900'),
(94025, '0.0925'),
(94026, '0.0925'),
(94027, '0.0925'),
(94028, '0.0925'),
(94030, '0.0925'),
(94035, '0.0900'),
(94037, '0.0925'),
(94038, '0.0925'),
(94039, '0.0900'),
(94040, '0.0900'),
(94041, '0.0900'),
(94042, '0.0900'),
(94043, '0.0900'),
(94044, '0.0925'),
(94060, '0.0925'),
(94061, '0.0975'),
(94062, '0.0925'),
(94063, '0.0975'),
(94064, '0.0975'),
(94065, '0.0975'),
(94066, '0.0925'),
(94070, '0.0925'),
(94074, '0.0925'),
(94080, '0.0975'),
(94083, '0.0975'),
(94085, '0.0900'),
(94086, '0.0900'),
(94087, '0.0900'),
(94088, '0.0900'),
(94089, '0.0900'),
(94102, '0.0850'),
(94103, '0.0850'),
(94104, '0.0850'),
(94105, '0.0850'),
(94107, '0.0850'),
(94108, '0.0850'),
(94109, '0.0850'),
(94110, '0.0850'),
(94111, '0.0850'),
(94112, '0.0850'),
(94114, '0.0850'),
(94115, '0.0850'),
(94116, '0.0850'),
(94117, '0.0850'),
(94118, '0.0850'),
(94119, '0.0850'),
(94121, '0.0850'),
(94122, '0.0850'),
(94123, '0.0850'),
(94124, '0.0850'),
(94125, '0.0850'),
(94126, '0.0850'),
(94127, '0.0850'),
(94128, '0.0925'),
(94129, '0.0850'),
(94130, '0.0850'),
(94131, '0.0850'),
(94132, '0.0850'),
(94133, '0.0850'),
(94134, '0.0850'),
(94140, '0.0850'),
(94141, '0.0850'),
(94143, '0.0850'),
(94146, '0.0850'),
(94147, '0.0850'),
(94153, '0.0850'),
(94154, '0.0850'),
(94158, '0.0850'),
(94159, '0.0850'),
(94164, '0.0850'),
(94171, '0.0850'),
(94188, '0.0850'),
(94207, '0.0875'),
(94208, '0.0875'),
(94211, '0.0875'),
(94234, '0.0875'),
(94245, '0.0875'),
(94282, '0.0775'),
(94291, '0.0875'),
(94299, '0.0875'),
(94301, '0.0900'),
(94302, '0.0900'),
(94303, '0.0900'),
(94304, '0.0900'),
(94305, '0.0900'),
(94306, '0.0900'),
(94401, '0.0950'),
(94402, '0.0950'),
(94403, '0.0950'),
(94404, '0.0925'),
(94497, '0.0950'),
(94501, '0.0975'),
(94502, '0.0975'),
(94503, '0.0775'),
(94505, '0.0825'),
(94506, '0.0825'),
(94507, '0.0825'),
(94508, '0.0775'),
(94509, '0.0925'),
(94510, '0.0838'),
(94511, '0.0825'),
(94512, '0.0738'),
(94513, '0.0825'),
(94514, '0.0825'),
(94515, '0.0775'),
(94516, '0.0825'),
(94517, '0.0825'),
(94518, '0.0875'),
(94519, '0.0875'),
(94520, '0.0875'),
(94521, '0.0875'),
(94522, '0.0875'),
(94523, '0.0875'),
(94524, '0.0875'),
(94525, '0.0825'),
(94526, '0.0825'),
(94528, '0.0825'),
(94530, '0.0975'),
(94531, '0.0925'),
(94533, '0.0838'),
(94534, '0.0838'),
(94535, '0.0838'),
(94536, '0.0925'),
(94537, '0.0925'),
(94538, '0.0925'),
(94539, '0.0925'),
(94540, '0.0975'),
(94541, '0.0975'),
(94542, '0.0975'),
(94543, '0.0975'),
(94544, '0.0975'),
(94545, '0.0975'),
(94546, '0.0925'),
(94547, '0.0875'),
(94548, '0.0825'),
(94549, '0.0825'),
(94550, '0.0925'),
(94551, '0.0925'),
(94552, '0.0925'),
(94553, '0.0925'),
(94555, '0.0925'),
(94556, '0.0925'),
(94557, '0.0975'),
(94558, '0.0775'),
(94559, '0.0775'),
(94560, '0.0975'),
(94561, '0.0825'),
(94562, '0.0775'),
(94563, '0.0875'),
(94564, '0.0925'),
(94565, '0.0875'),
(94566, '0.0925'),
(94567, '0.0775'),
(94568, '0.0925'),
(94569, '0.0825'),
(94570, '0.0925'),
(94571, '0.0813'),
(94572, '0.0825'),
(94573, '0.0775'),
(94574, '0.0825'),
(94575, '0.0925'),
(94576, '0.0775'),
(94577, '0.0975'),
(94578, '0.0975'),
(94579, '0.0975'),
(94580, '0.0925'),
(94581, '0.0775'),
(94582, '0.0825'),
(94583, '0.0825'),
(94585, '0.0838'),
(94586, '0.0925'),
(94587, '0.0975'),
(94588, '0.0925'),
(94589, '0.0838'),
(94590, '0.0838'),
(94591, '0.0838'),
(94592, '0.0838'),
(94595, '0.0825'),
(94596, '0.0825'),
(94597, '0.0825'),
(94598, '0.0825'),
(94599, '0.0775'),
(94601, '0.0925'),
(94602, '0.0925'),
(94603, '0.0925'),
(94604, '0.0925'),
(94605, '0.0925'),
(94606, '0.0925'),
(94607, '0.0925'),
(94608, '0.0925'),
(94609, '0.0925'),
(94610, '0.0925'),
(94611, '0.0925'),
(94612, '0.0925'),
(94613, '0.0925'),
(94614, '0.0925'),
(94615, '0.0925'),
(94618, '0.0925'),
(94619, '0.0925'),
(94620, '0.0925'),
(94621, '0.0925'),
(94622, '0.0925'),
(94623, '0.0925'),
(94624, '0.0925'),
(94661, '0.0925'),
(94662, '0.0925'),
(94666, '0.0925'),
(94701, '0.0925'),
(94702, '0.0925'),
(94703, '0.0925'),
(94704, '0.0925'),
(94705, '0.0925'),
(94706, '0.0975'),
(94707, '0.0925'),
(94708, '0.0925'),
(94709, '0.0925'),
(94710, '0.0925'),
(94712, '0.0925'),
(94720, '0.0925'),
(94801, '0.0925'),
(94802, '0.0925'),
(94803, '0.0825'),
(94804, '0.0925'),
(94805, '0.0925'),
(94806, '0.0875'),
(94807, '0.0925'),
(94820, '0.0825'),
(94850, '0.0925'),
(94901, '0.0900'),
(94903, '0.0900'),
(94904, '0.0900'),
(94912, '0.0900'),
(94913, '0.0825'),
(94914, '0.0825'),
(94915, '0.0900'),
(94920, '0.0825'),
(94922, '0.0825'),
(94923, '0.0825'),
(94924, '0.0825'),
(94925, '0.0900'),
(94926, '0.0925'),
(94927, '0.0875'),
(94928, '0.0875'),
(94929, '0.0825'),
(94930, '0.0900'),
(94931, '0.0925'),
(94933, '0.0825'),
(94937, '0.0825'),
(94938, '0.0825'),
(94939, '0.0900'),
(94940, '0.0825'),
(94941, '0.0825'),
(94942, '0.0825'),
(94945, '0.0850'),
(94946, '0.0825'),
(94947, '0.0850'),
(94948, '0.0850'),
(94949, '0.0850'),
(94950, '0.0825'),
(94951, '0.0825'),
(94952, '0.0825'),
(94953, '0.0825'),
(94954, '0.0825'),
(94955, '0.0825'),
(94956, '0.0825'),
(94957, '0.0825'),
(94960, '0.0875'),
(94963, '0.0825'),
(94964, '0.0600'),
(94965, '0.0875'),
(94966, '0.0875'),
(94970, '0.0825'),
(94971, '0.0825'),
(94972, '0.0825'),
(94973, '0.0825'),
(94974, '0.0600'),
(94975, '0.0825'),
(94976, '0.0900'),
(94977, '0.0900'),
(94978, '0.0900'),
(94979, '0.0875'),
(94998, '0.0850'),
(94999, '0.0825'),
(95001, '0.0900'),
(95002, '0.0925'),
(95003, '0.0900'),
(95004, '0.0775'),
(95005, '0.0900'),
(95006, '0.0900'),
(95007, '0.0900'),
(95008, '0.0925'),
(95009, '0.0925'),
(95010, '0.0900'),
(95011, '0.0925'),
(95012, '0.0775'),
(95013, '0.0925'),
(95014, '0.0900'),
(95015, '0.0900'),
(95017, '0.0900'),
(95018, '0.0900'),
(95019, '0.0925'),
(95020, '0.0900'),
(95021, '0.0900'),
(95023, '0.0925'),
(95024, '0.0925'),
(95030, '0.0913'),
(95031, '0.0913'),
(95032, '0.0913'),
(95033, '0.0900'),
(95035, '0.0900'),
(95036, '0.0900'),
(95037, '0.0900'),
(95038, '0.0900'),
(95039, '0.0775'),
(95041, '0.0900'),
(95043, '0.0825'),
(95044, '0.0900'),
(95045, '0.0825'),
(95046, '0.0900'),
(95050, '0.0900'),
(95051, '0.0900'),
(95052, '0.0900'),
(95053, '0.0900'),
(95054, '0.0900'),
(95055, '0.0900'),
(95056, '0.0900'),
(95060, '0.0925'),
(95061, '0.0925'),
(95062, '0.0900'),
(95063, '0.0925'),
(95064, '0.0925'),
(95065, '0.0900'),
(95066, '0.0900'),
(95067, '0.0900'),
(95070, '0.0900'),
(95071, '0.0900'),
(95073, '0.0900'),
(95075, '0.0825'),
(95076, '0.0925'),
(95077, '0.0925'),
(95101, '0.0925'),
(95103, '0.0925'),
(95106, '0.0925'),
(95108, '0.0925'),
(95109, '0.0925'),
(95110, '0.0925'),
(95111, '0.0925'),
(95112, '0.0925'),
(95113, '0.0925'),
(95116, '0.0925'),
(95117, '0.0925'),
(95118, '0.0925'),
(95119, '0.0925'),
(95120, '0.0925'),
(95121, '0.0925'),
(95122, '0.0925'),
(95123, '0.0925'),
(95124, '0.0925'),
(95125, '0.0925'),
(95126, '0.0925'),
(95127, '0.0925'),
(95128, '0.0925'),
(95129, '0.0925'),
(95130, '0.0925'),
(95131, '0.0925'),
(95132, '0.0925'),
(95133, '0.0925'),
(95134, '0.0925'),
(95135, '0.0925'),
(95136, '0.0925'),
(95138, '0.0925'),
(95139, '0.0925'),
(95140, '0.0900'),
(95141, '0.0925'),
(95148, '0.0925'),
(95150, '0.0925'),
(95151, '0.0925'),
(95152, '0.0925'),
(95153, '0.0925'),
(95154, '0.0925'),
(95155, '0.0925'),
(95156, '0.0925'),
(95157, '0.0925'),
(95158, '0.0925'),
(95159, '0.0925'),
(95160, '0.0925'),
(95161, '0.0925'),
(95164, '0.0925'),
(95170, '0.0925'),
(95172, '0.0925'),
(95173, '0.0925'),
(95191, '0.0925'),
(95192, '0.0925'),
(95193, '0.0925'),
(95196, '0.0925'),
(95201, '0.0900'),
(95202, '0.0900'),
(95203, '0.0900'),
(95204, '0.0900'),
(95205, '0.0900'),
(95206, '0.0900'),
(95207, '0.0900'),
(95208, '0.0900'),
(95209, '0.0900'),
(95210, '0.0900'),
(95211, '0.0900'),
(95212, '0.0775'),
(95213, '0.0900'),
(95215, '0.0775'),
(95219, '0.0900'),
(95220, '0.0775'),
(95221, '0.0775'),
(95222, '0.0725'),
(95223, '0.0725'),
(95224, '0.0725'),
(95225, '0.0725'),
(95226, '0.0725'),
(95227, '0.0775'),
(95228, '0.0725'),
(95229, '0.0725'),
(95230, '0.0775'),
(95231, '0.0775'),
(95232, '0.0725'),
(95233, '0.0725'),
(95234, '0.0775'),
(95236, '0.0775'),
(95237, '0.0775'),
(95240, '0.0825'),
(95241, '0.0825'),
(95242, '0.0825'),
(95245, '0.0725'),
(95246, '0.0725'),
(95247, '0.0725'),
(95248, '0.0725'),
(95249, '0.0725'),
(95251, '0.0725'),
(95252, '0.0725'),
(95253, '0.0775'),
(95254, '0.0725'),
(95255, '0.0725'),
(95257, '0.0725'),
(95258, '0.0775'),
(95267, '0.0900'),
(95269, '0.0900'),
(95297, '0.0900'),
(95301, '0.0825'),
(95303, '0.0775'),
(95304, '0.0775'),
(95305, '0.0725'),
(95306, '0.0775'),
(95307, '0.0838'),
(95309, '0.0725'),
(95310, '0.0725'),
(95311, '0.0775'),
(95312, '0.0775'),
(95313, '0.0788'),
(95315, '0.0775'),
(95316, '0.0788'),
(95317, '0.0775'),
(95318, '0.0775'),
(95319, '0.0788'),
(95320, '0.0775'),
(95321, '0.0725'),
(95322, '0.0825'),
(95323, '0.0788'),
(95324, '0.0775'),
(95325, '0.0775'),
(95326, '0.0788'),
(95327, '0.0725'),
(95328, '0.0788'),
(95329, '0.0725'),
(95330, '0.0875'),
(95333, '0.0775'),
(95334, '0.0775'),
(95335, '0.0725'),
(95336, '0.0825'),
(95337, '0.0825'),
(95338, '0.0775'),
(95340, '0.0825'),
(95341, '0.0825'),
(95343, '0.0775'),
(95344, '0.0825'),
(95345, '0.0775'),
(95346, '0.0725'),
(95347, '0.0725'),
(95348, '0.0825'),
(95350, '0.0788'),
(95351, '0.0788'),
(95352, '0.0788'),
(95353, '0.0788'),
(95354, '0.0788'),
(95355, '0.0788'),
(95356, '0.0788'),
(95357, '0.0788'),
(95358, '0.0788'),
(95360, '0.0788'),
(95361, '0.0838'),
(95363, '0.0788'),
(95364, '0.0725'),
(95365, '0.0775'),
(95366, '0.0775'),
(95367, '0.0788'),
(95368, '0.0788'),
(95369, '0.0775'),
(95370, '0.0725'),
(95372, '0.0725'),
(95373, '0.0725'),
(95374, '0.0775'),
(95375, '0.0725'),
(95376, '0.0825'),
(95377, '0.0825'),
(95378, '0.0825'),
(95379, '0.0725'),
(95380, '0.0788'),
(95381, '0.0788'),
(95382, '0.0788'),
(95383, '0.0725'),
(95385, '0.0788'),
(95386, '0.0788'),
(95387, '0.0788'),
(95388, '0.0775'),
(95389, '0.0775'),
(95391, '0.0775'),
(95397, '0.0788'),
(95401, '0.0900'),
(95402, '0.0900'),
(95403, '0.0900'),
(95404, '0.0900'),
(95405, '0.0900'),
(95406, '0.0900'),
(95407, '0.0900'),
(95409, '0.0900'),
(95410, '0.0788'),
(95412, '0.0825'),
(95415, '0.0788'),
(95416, '0.0825'),
(95417, '0.0788'),
(95418, '0.0788'),
(95419, '0.0825'),
(95420, '0.0788'),
(95421, '0.0825'),
(95422, '0.0875'),
(95423, '0.0725'),
(95424, '0.0875'),
(95425, '0.0825'),
(95426, '0.0725'),
(95427, '0.0788'),
(95428, '0.0788'),
(95429, '0.0788'),
(95430, '0.0825'),
(95431, '0.0825'),
(95432, '0.0788'),
(95433, '0.0825'),
(95435, '0.0725'),
(95436, '0.0825'),
(95437, '0.0888'),
(95439, '0.0825'),
(95441, '0.0825'),
(95442, '0.0825'),
(95443, '0.0725'),
(95444, '0.0825'),
(95445, '0.0788'),
(95446, '0.0825'),
(95448, '0.0875'),
(95449, '0.0788'),
(95450, '0.0825'),
(95451, '0.0725'),
(95452, '0.0825'),
(95453, '0.0875'),
(95454, '0.0788'),
(95456, '0.0788'),
(95457, '0.0725'),
(95458, '0.0725'),
(95459, '0.0788'),
(95460, '0.0788'),
(95461, '0.0725'),
(95462, '0.0825'),
(95463, '0.0788'),
(95464, '0.0725'),
(95465, '0.0825'),
(95466, '0.0788'),
(95467, '0.0725'),
(95468, '0.0788'),
(95469, '0.0788'),
(95470, '0.0788'),
(95471, '0.0825'),
(95472, '0.0825'),
(95473, '0.0900'),
(95476, '0.0825'),
(95480, '0.0825'),
(95481, '0.0788'),
(95482, '0.0888'),
(95485, '0.0725'),
(95486, '0.0825'),
(95487, '0.0825'),
(95488, '0.0788'),
(95490, '0.0788'),
(95492, '0.0825'),
(95493, '0.0725'),
(95494, '0.0788'),
(95497, '0.0825'),
(95501, '0.0850'),
(95502, '0.0850'),
(95503, '0.0775'),
(95511, '0.0775'),
(95514, '0.0775'),
(95518, '0.0850'),
(95519, '0.0775'),
(95521, '0.0850'),
(95524, '0.0775'),
(95525, '0.0775'),
(95526, '0.0775'),
(95527, '0.0725'),
(95528, '0.0775'),
(95531, '0.0750'),
(95532, '0.0750'),
(95534, '0.0775'),
(95536, '0.0775'),
(95537, '0.0775'),
(95540, '0.0850'),
(95542, '0.0775'),
(95543, '0.0750'),
(95545, '0.0775'),
(95546, '0.0775'),
(95547, '0.0775'),
(95548, '0.0750'),
(95549, '0.0775'),
(95550, '0.0775'),
(95551, '0.0775'),
(95552, '0.0725'),
(95553, '0.0775'),
(95554, '0.0775'),
(95555, '0.0775'),
(95556, '0.0775'),
(95558, '0.0775'),
(95559, '0.0775'),
(95560, '0.0775'),
(95562, '0.0875'),
(95563, '0.0725'),
(95564, '0.0775'),
(95565, '0.0775'),
(95567, '0.0750'),
(95568, '0.0725'),
(95569, '0.0775'),
(95570, '0.0775'),
(95571, '0.0775'),
(95573, '0.0775'),
(95585, '0.0788'),
(95587, '0.0775'),
(95589, '0.0775'),
(95595, '0.0725'),
(95601, '0.0775'),
(95602, '0.0725'),
(95603, '0.0725'),
(95604, '0.0725'),
(95605, '0.0825'),
(95606, '0.0725'),
(95607, '0.0725'),
(95608, '0.0775'),
(95609, '0.0775'),
(95610, '0.0775'),
(95611, '0.0775'),
(95612, '0.0725'),
(95613, '0.0725'),
(95614, '0.0725'),
(95615, '0.0775'),
(95616, '0.0825'),
(95617, '0.0825'),
(95618, '0.0825'),
(95619, '0.0725'),
(95620, '0.0738'),
(95621, '0.0775'),
(95623, '0.0725'),
(95624, '0.0775'),
(95625, '0.0738'),
(95626, '0.0775'),
(95627, '0.0725'),
(95628, '0.0775'),
(95629, '0.0775'),
(95630, '0.0775'),
(95631, '0.0725'),
(95632, '0.0825'),
(95633, '0.0725'),
(95634, '0.0725'),
(95635, '0.0725'),
(95636, '0.0725'),
(95637, '0.0725'),
(95638, '0.0775'),
(95639, '0.0775'),
(95640, '0.0775'),
(95641, '0.0775'),
(95642, '0.0775'),
(95645, '0.0725'),
(95646, '0.0725'),
(95648, '0.0725'),
(95650, '0.0750'),
(95651, '0.0725'),
(95652, '0.0775'),
(95653, '0.0725'),
(95654, '0.0775'),
(95655, '0.0775'),
(95656, '0.0725'),
(95658, '0.0725'),
(95659, '0.0725'),
(95660, '0.0775'),
(95661, '0.0775'),
(95662, '0.0775'),
(95663, '0.0725'),
(95664, '0.0725'),
(95665, '0.0775'),
(95666, '0.0775'),
(95667, '0.0725'),
(95668, '0.0725'),
(95669, '0.0775'),
(95670, '0.0825'),
(95671, '0.0775'),
(95672, '0.0725'),
(95673, '0.0775'),
(95674, '0.0725'),
(95675, '0.0775'),
(95676, '0.0725'),
(95677, '0.0725'),
(95678, '0.0775'),
(95679, '0.0725'),
(95680, '0.0775'),
(95681, '0.0725'),
(95682, '0.0725'),
(95683, '0.0775'),
(95684, '0.0725'),
(95685, '0.0775'),
(95686, '0.0775'),
(95687, '0.0813'),
(95688, '0.0813'),
(95689, '0.0775'),
(95690, '0.0775'),
(95691, '0.0825'),
(95692, '0.0775'),
(95693, '0.0775'),
(95694, '0.0725'),
(95695, '0.0800'),
(95696, '0.0813'),
(95697, '0.0725'),
(95698, '0.0725'),
(95699, '0.0775'),
(95701, '0.0725'),
(95703, '0.0725'),
(95709, '0.0725'),
(95712, '0.0750'),
(95713, '0.0725'),
(95714, '0.0725'),
(95715, '0.0725'),
(95717, '0.0725'),
(95720, '0.0725'),
(95721, '0.0725'),
(95722, '0.0725'),
(95726, '0.0725'),
(95728, '0.0750'),
(95735, '0.0725'),
(95736, '0.0725'),
(95741, '0.0825'),
(95742, '0.0825'),
(95746, '0.0725'),
(95747, '0.0775'),
(95757, '0.0775'),
(95758, '0.0775'),
(95759, '0.0775'),
(95762, '0.0725'),
(95763, '0.0775'),
(95765, '0.0725'),
(95776, '0.0800'),
(95798, '0.0825'),
(95799, '0.0825'),
(95811, '0.0875'),
(95812, '0.0875'),
(95813, '0.0875'),
(95814, '0.0875'),
(95815, '0.0875'),
(95816, '0.0875'),
(95817, '0.0875'),
(95818, '0.0875'),
(95819, '0.0875'),
(95820, '0.0875'),
(95821, '0.0775'),
(95822, '0.0875'),
(95823, '0.0875'),
(95824, '0.0775'),
(95825, '0.0775'),
(95826, '0.0775'),
(95827, '0.0825'),
(95828, '0.0775'),
(95829, '0.0775'),
(95830, '0.0775'),
(95831, '0.0875'),
(95832, '0.0875'),
(95833, '0.0875'),
(95834, '0.0875'),
(95835, '0.0875'),
(95836, '0.0725'),
(95837, '0.0775'),
(95838, '0.0875'),
(95840, '0.0875'),
(95841, '0.0775'),
(95842, '0.0775'),
(95843, '0.0775'),
(95851, '0.0875'),
(95852, '0.0875'),
(95853, '0.0875'),
(95860, '0.0775'),
(95864, '0.0775'),
(95865, '0.0775'),
(95866, '0.0775'),
(95867, '0.0875'),
(95894, '0.0875'),
(95901, '0.0825'),
(95903, '0.0825'),
(95910, '0.0725'),
(95912, '0.0725'),
(95913, '0.0725'),
(95914, '0.0725'),
(95915, '0.0725'),
(95916, '0.0725'),
(95917, '0.0725'),
(95918, '0.0825'),
(95919, '0.0825'),
(95920, '0.0725'),
(95922, '0.0825'),
(95923, '0.0725'),
(95924, '0.0750'),
(95925, '0.0825'),
(95926, '0.0725'),
(95927, '0.0725'),
(95928, '0.0725'),
(95929, '0.0725'),
(95930, '0.0725'),
(95932, '0.0725'),
(95934, '0.0725'),
(95935, '0.0825'),
(95936, '0.0725'),
(95937, '0.0725'),
(95938, '0.0725'),
(95939, '0.0725'),
(95940, '0.0725'),
(95941, '0.0725'),
(95942, '0.0725'),
(95943, '0.0725'),
(95944, '0.0725'),
(95945, '0.0850'),
(95946, '0.0750'),
(95947, '0.0725'),
(95948, '0.0725'),
(95949, '0.0750'),
(95950, '0.0725'),
(95951, '0.0725'),
(95953, '0.0725'),
(95954, '0.0725'),
(95955, '0.0725'),
(95956, '0.0725'),
(95957, '0.0725'),
(95958, '0.0725'),
(95959, '0.0750'),
(95960, '0.0750'),
(95961, '0.0825'),
(95962, '0.0825'),
(95963, '0.0775'),
(95965, '0.0825'),
(95966, '0.0725'),
(95967, '0.0775'),
(95968, '0.0725'),
(95969, '0.0775'),
(95970, '0.0725'),
(95971, '0.0725'),
(95972, '0.0825'),
(95973, '0.0725'),
(95974, '0.0725'),
(95975, '0.0750'),
(95976, '0.0725'),
(95977, '0.0750'),
(95978, '0.0725'),
(95979, '0.0725'),
(95980, '0.0825'),
(95981, '0.0825'),
(95982, '0.0725'),
(95983, '0.0725'),
(95984, '0.0725'),
(95986, '0.0750'),
(95987, '0.0775'),
(95988, '0.0725'),
(95991, '0.0725'),
(95992, '0.0725'),
(95993, '0.0725'),
(96001, '0.0725'),
(96002, '0.0725'),
(96003, '0.0725'),
(96006, '0.0725'),
(96007, '0.0775'),
(96008, '0.0725'),
(96009, '0.0725'),
(96010, '0.0725'),
(96011, '0.0725'),
(96013, '0.0725'),
(96014, '0.0725'),
(96015, '0.0725'),
(96016, '0.0725'),
(96017, '0.0725'),
(96019, '0.0725'),
(96020, '0.0725'),
(96021, '0.0775'),
(96022, '0.0725'),
(96023, '0.0725'),
(96024, '0.0725'),
(96025, '0.0775'),
(96027, '0.0725'),
(96028, '0.0725'),
(96029, '0.0725'),
(96031, '0.0725'),
(96032, '0.0725'),
(96033, '0.0725'),
(96034, '0.0725'),
(96035, '0.0725'),
(96037, '0.0725'),
(96038, '0.0725'),
(96039, '0.0725'),
(96040, '0.0725'),
(96041, '0.0725'),
(96044, '0.0725'),
(96046, '0.0725'),
(96047, '0.0725'),
(96048, '0.0725'),
(96049, '0.0725'),
(96050, '0.0725'),
(96051, '0.0725'),
(96052, '0.0725'),
(96054, '0.0725'),
(96055, '0.0725'),
(96056, '0.0725'),
(96057, '0.0725'),
(96058, '0.0725'),
(96059, '0.0725'),
(96061, '0.0725'),
(96062, '0.0725'),
(96063, '0.0725'),
(96064, '0.0725'),
(96065, '0.0725'),
(96067, '0.0750'),
(96068, '0.0725'),
(96069, '0.0725'),
(96070, '0.0725'),
(96071, '0.0725'),
(96073, '0.0725'),
(96074, '0.0725'),
(96075, '0.0725'),
(96076, '0.0725'),
(96078, '0.0725'),
(96080, '0.0750'),
(96084, '0.0725'),
(96085, '0.0725'),
(96086, '0.0725'),
(96087, '0.0725'),
(96088, '0.0725'),
(96089, '0.0725'),
(96090, '0.0725'),
(96091, '0.0725'),
(96092, '0.0725'),
(96093, '0.0725'),
(96094, '0.0725'),
(96095, '0.0725'),
(96096, '0.0725'),
(96097, '0.0775'),
(96099, '0.0725'),
(96101, '0.0725'),
(96103, '0.0725'),
(96104, '0.0725'),
(96105, '0.0725'),
(96106, '0.0725'),
(96107, '0.0725'),
(96108, '0.0725'),
(96109, '0.0725'),
(96110, '0.0725'),
(96111, '0.0750'),
(96112, '0.0725'),
(96113, '0.0725'),
(96114, '0.0725'),
(96115, '0.0725'),
(96116, '0.0725'),
(96117, '0.0725'),
(96118, '0.0725'),
(96119, '0.0725'),
(96120, '0.0725'),
(96121, '0.0725'),
(96122, '0.0725'),
(96123, '0.0725'),
(96124, '0.0725'),
(96125, '0.0725'),
(96126, '0.0725'),
(96127, '0.0725'),
(96128, '0.0725'),
(96129, '0.0725'),
(96130, '0.0725'),
(96132, '0.0725'),
(96133, '0.0725'),
(96134, '0.0725'),
(96135, '0.0725'),
(96136, '0.0725'),
(96137, '0.0725'),
(96140, '0.0725'),
(96141, '0.0725'),
(96142, '0.0725'),
(96143, '0.0725'),
(96145, '0.0725'),
(96146, '0.0725'),
(96148, '0.0725'),
(96150, '0.0775'),
(96151, '0.0775'),
(96152, '0.0775'),
(96154, '0.0775'),
(96155, '0.0725'),
(96157, '0.0725'),
(96158, '0.0775'),
(96160, '0.0825'),
(96161, '0.0825'),
(96162, '0.0825');

-- --------------------------------------------------------

--
-- Table structure for table `users`
--

CREATE TABLE `users` (
  `ID` int(11) NOT NULL,
  `user_login` varchar(60) NOT NULL,
  `user_pass` varchar(64) NOT NULL,
  `user_email` varchar(100) NOT NULL,
  `phone` varchar(10) NOT NULL,
  `fname` varchar(50) DEFAULT NULL,
  `lname` varchar(50) DEFAULT NULL,
  `display_name` varchar(50) DEFAULT NULL,
  `user_registered` timestamp NOT NULL DEFAULT CURRENT_TIMESTAMP,
  `status` tinyint(1) NOT NULL DEFAULT '0'
) ENGINE=InnoDB DEFAULT CHARSET=utf8mb4;

--
-- Dumping data for table `users`
--

INSERT INTO `users` (`ID`, `user_login`, `user_pass`, `user_email`, `phone`, `fname`, `lname`, `display_name`, `user_registered`, `status`) VALUES
(1, 'test', 'test1', 'test@test.com', '8183958175', 'testfirst', 'testlast', 'testdisplay', '2019-11-03 02:05:32', 0),
(2, 'test1', 'test1', 'test1@test.com', '8183858175', 'testfirst', 'testlast', 'testdisplay', '2019-11-03 02:06:45', 0),
(3, 'test6', 'test6', 'test6@test.com', '8186558175', 'Ftest1', 'Lest1', 'Dtest1', '2019-11-22 03:47:40', 0),
(5, 'test3', 'test3', 'test3@test.com', '8186558172', 'Ftest3', 'Lest3', 'Dtest3', '2019-11-22 03:54:59', 0),
(7, 'Levin', 'levinzhou', 'levin@test.com', '8186558134', 'Levin', 'Zhou', 'Levin', '2019-11-22 03:56:21', 0),
(9, 'Jack', 'jackcheng', 'jack@test.com', '9186558134', 'Jack', 'Cheng', 'Jack', '2019-11-22 04:00:55', 0);

-- --------------------------------------------------------

--
-- Table structure for table `user_address`
--

CREATE TABLE `user_address` (
  `address_id` int(11) NOT NULL,
  `type_id` int(11) NOT NULL,
  `street` varchar(100) NOT NULL,
  `street2` varchar(100) DEFAULT NULL,
  `zipcode` int(10) NOT NULL,
  `user_id` int(11) NOT NULL
) ENGINE=InnoDB DEFAULT CHARSET=utf8mb4;

--
-- Dumping data for table `user_address`
--

INSERT INTO `user_address` (`address_id`, `type_id`, `street`, `street2`, `zipcode`, `user_id`) VALUES
(1, 4, '6084 Fair Ave.', '', 94560, 7),
(2, 1, '1231 Fair Ave.', '', 95035, 9),
(3, 1, '123 Fair Ave.', '', 95112, 5),
(4, 1, '123 Fair Ave.', '', 95116, 3),
(5, 4, '123 Fair Ave.', '', 95116, 3);

-- --------------------------------------------------------

--
-- Table structure for table `vendors`
--

CREATE TABLE `vendors` (
  `ID` int(11) NOT NULL,
  `vendor_login` varchar(60) NOT NULL,
  `vendor_pass` varchar(64) NOT NULL,
  `email` varchar(100) NOT NULL,
  `phone` varchar(10) NOT NULL,
  `fname` varchar(60) NOT NULL,
  `lname` varchar(60) NOT NULL,
  `display_name` varchar(50) NOT NULL,
  `Vendor_registed` timestamp NOT NULL DEFAULT CURRENT_TIMESTAMP,
  `status` tinyint(1) NOT NULL DEFAULT '0'
) ENGINE=InnoDB DEFAULT CHARSET=utf8mb4;

--
-- Dumping data for table `vendors`
--

INSERT INTO `vendors` (`ID`, `vendor_login`, `vendor_pass`, `email`, `phone`, `fname`, `lname`, `display_name`, `Vendor_registed`, `status`) VALUES
(1, 'test', 'test', 'test1@test.com', '6568791465', 'ftest', 'ltest', 'dtest', '2019-11-04 18:32:57', 0),
(2, 'Xue', 'xuexu', 'xue@test.com', '8493802811', 'Xue', 'Xu', 'Xue', '2019-11-22 04:20:14', 0),
(3, 'Irene', 'irenerong', 'irene@test.com', '8493802891', 'Irene', 'Rong', 'Irene', '2019-11-22 04:27:15', 0),
(4, 'test3', 'test3', '@test3.com', '8493809891', 'test3', 'test3', 'test3', '2019-11-22 04:38:50', 0),
(5, 'test2', 'test2', '@test2.com', '8493879891', 'test2', 'test2', 'test2', '2019-11-22 04:39:14', 0),
(6, 'test4', 'test4', '@test4.com', '0493879891', 'test4', 'test4', 'test4', '2019-11-22 04:39:42', 0);

-- --------------------------------------------------------

--
-- Table structure for table `vendor_address`
--

CREATE TABLE `vendor_address` (
  `address_id` int(11) NOT NULL,
  `type_id` int(11) NOT NULL,
  `street` varchar(100) NOT NULL,
  `zipcode` int(10) NOT NULL,
  `vendor_id` int(11) NOT NULL,
  `street2` varchar(100) DEFAULT NULL
) ENGINE=InnoDB DEFAULT CHARSET=utf8mb4;

--
-- Dumping data for table `vendor_address`
--

INSERT INTO `vendor_address` (`address_id`, `type_id`, `street`, `zipcode`, `vendor_id`, `street2`) VALUES
(1, 2, '', 90002, 3, 'apt124'),
(2, 2, '', 90003, 1, ' '),
(3, 2, '', 90004, 2, ' '),
(4, 2, '', 90015, 4, ' '),
(5, 2, '', 90016, 5, ' '),
(6, 2, '', 90010, 6, ' ');

-- --------------------------------------------------------

--
-- Table structure for table `zipcodes`
--

CREATE TABLE `zipcodes` (
  `zipcode` int(5) NOT NULL,
  `city` varchar(50) NOT NULL,
  `state` varchar(2) NOT NULL
) ENGINE=InnoDB DEFAULT CHARSET=utf8mb4;

--
-- Dumping data for table `zipcodes`
--

INSERT INTO `zipcodes` (`zipcode`, `city`, `state`) VALUES
(90001, 'Los Angeles', 'CA'),
(90002, 'Los Angeles', 'CA'),
(90003, 'Los Angeles', 'CA'),
(90004, 'Los Angeles', 'CA'),
(90005, 'Los Angeles', 'CA'),
(90006, 'Los Angeles', 'CA'),
(90007, 'Los Angeles', 'CA'),
(90008, 'Los Angeles', 'CA'),
(90010, 'Los Angeles', 'CA'),
(90011, 'Los Angeles', 'CA'),
(90012, 'Los Angeles', 'CA'),
(90013, 'Los Angeles', 'CA'),
(90014, 'Los Angeles', 'CA'),
(90015, 'Los Angeles', 'CA'),
(90016, 'Los Angeles', 'CA'),
(90017, 'Los Angeles', 'CA'),
(90018, 'Los Angeles', 'CA'),
(90019, 'Los Angeles', 'CA'),
(90020, 'Los Angeles', 'CA'),
(90021, 'Los Angeles', 'CA'),
(90022, 'Los Angeles', 'CA'),
(90023, 'Los Angeles', 'CA'),
(90024, 'Los Angeles', 'CA'),
(90025, 'Los Angeles', 'CA'),
(90026, 'Los Angeles', 'CA'),
(90027, 'Los Angeles', 'CA'),
(90028, 'Los Angeles', 'CA'),
(90029, 'Los Angeles', 'CA'),
(90031, 'Los Angeles', 'CA'),
(90032, 'Los Angeles', 'CA'),
(90033, 'Los Angeles', 'CA'),
(90034, 'Los Angeles', 'CA'),
(90035, 'Los Angeles', 'CA'),
(90036, 'Los Angeles', 'CA'),
(90037, 'Los Angeles', 'CA'),
(90038, 'Los Angeles', 'CA'),
(90039, 'Los Angeles', 'CA'),
(90040, 'Los Angeles', 'CA'),
(90041, 'Los Angeles', 'CA'),
(90042, 'Los Angeles', 'CA'),
(90043, 'Los Angeles', 'CA'),
(90044, 'Los Angeles', 'CA'),
(90045, 'Los Angeles', 'CA'),
(90046, 'Los Angeles', 'CA'),
(90047, 'Los Angeles', 'CA'),
(90048, 'Los Angeles', 'CA'),
(90049, 'Los Angeles', 'CA'),
(90056, 'Los Angeles', 'CA'),
(90057, 'Los Angeles', 'CA'),
(90058, 'Los Angeles', 'CA'),
(90059, 'Los Angeles', 'CA'),
(90061, 'Los Angeles', 'CA'),
(90062, 'Los Angeles', 'CA'),
(90063, 'Los Angeles', 'CA'),
(90064, 'Los Angeles', 'CA'),
(90065, 'Los Angeles', 'CA'),
(90066, 'Los Angeles', 'CA'),
(90067, 'Los Angeles', 'CA'),
(90068, 'Los Angeles', 'CA'),
(90069, 'West Hollywood', 'CA'),
(90071, 'Los Angeles', 'CA'),
(90073, 'Los Angeles', 'CA'),
(90077, 'Los Angeles', 'CA'),
(90079, 'Los Angeles', 'CA'),
(90089, 'Los Angeles', 'CA'),
(90090, 'Dodgertown', 'CA'),
(90094, 'Playa Vista', 'CA'),
(90095, 'Los Angeles', 'CA'),
(90201, 'Bell Gardens', 'CA'),
(90210, 'Beverly Hills', 'CA'),
(90211, 'Beverly Hills', 'CA'),
(90212, 'Beverly Hills', 'CA'),
(90220, 'Compton', 'CA'),
(90221, 'Compton', 'CA'),
(90222, 'Compton', 'CA'),
(90230, 'Culver City', 'CA'),
(90232, 'Culver City', 'CA'),
(90240, 'Downey', 'CA'),
(90241, 'Downey', 'CA'),
(90242, 'Downey', 'CA'),
(90245, 'El Segundo', 'CA'),
(90247, 'Gardena', 'CA'),
(90248, 'Gardena', 'CA'),
(90249, 'Gardena', 'CA'),
(90250, 'Hawthorne', 'CA'),
(90254, 'Hermosa Beach', 'CA'),
(90255, 'Huntington Park', 'CA'),
(90260, 'Lawndale', 'CA'),
(90262, 'Lynwood', 'CA'),
(90263, 'Malibu', 'CA'),
(90265, 'Malibu', 'CA'),
(90266, 'Manhattan Beach', 'CA'),
(90270, 'Maywood', 'CA'),
(90272, 'Pacific Palisades', 'CA'),
(90274, 'Palos Verdes Peninsula', 'CA'),
(90275, 'Rancho Palos Verdes', 'CA'),
(90277, 'Redondo Beach', 'CA'),
(90278, 'Redondo Beach', 'CA'),
(90280, 'South Gate', 'CA'),
(90290, 'Topanga', 'CA'),
(90291, 'Venice', 'CA'),
(90292, 'Marina Del Rey', 'CA'),
(90293, 'Playa Del Rey', 'CA'),
(90301, 'Inglewood', 'CA'),
(90302, 'Inglewood', 'CA'),
(90303, 'Inglewood', 'CA'),
(90304, 'Inglewood', 'CA'),
(90305, 'Inglewood', 'CA'),
(90401, 'Santa Monica', 'CA'),
(90402, 'Santa Monica', 'CA'),
(90403, 'Santa Monica', 'CA'),
(90404, 'Santa Monica', 'CA'),
(90405, 'Santa Monica', 'CA'),
(90501, 'Torrance', 'CA'),
(90502, 'Torrance', 'CA'),
(90503, 'Torrance', 'CA'),
(90504, 'Torrance', 'CA'),
(90505, 'Torrance', 'CA'),
(90506, 'Torrance', 'CA'),
(90601, 'Whittier', 'CA'),
(90602, 'Whittier', 'CA'),
(90603, 'Whittier', 'CA'),
(90604, 'Whittier', 'CA'),
(90605, 'Whittier', 'CA'),
(90606, 'Whittier', 'CA'),
(90620, 'Buena Park', 'CA'),
(90621, 'Buena Park', 'CA'),
(90623, 'La Palma', 'CA'),
(90630, 'Cypress', 'CA'),
(90631, 'La Habra', 'CA'),
(90638, 'La Mirada', 'CA'),
(90640, 'Montebello', 'CA'),
(90650, 'Norwalk', 'CA'),
(90660, 'Pico Rivera', 'CA'),
(90670, 'Santa Fe Springs', 'CA'),
(90680, 'Stanton', 'CA'),
(90701, 'Artesia', 'CA'),
(90703, 'Cerritos', 'CA'),
(90704, 'Avalon', 'CA'),
(90706, 'Bellflower', 'CA'),
(90710, 'Harbor City', 'CA'),
(90712, 'Lakewood', 'CA'),
(90713, 'Lakewood', 'CA'),
(90715, 'Lakewood', 'CA'),
(90716, 'Hawaiian Gardens', 'CA'),
(90717, 'Lomita', 'CA'),
(90720, 'Los Alamitos', 'CA'),
(90723, 'Paramount', 'CA'),
(90731, 'San Pedro', 'CA'),
(90732, 'San Pedro', 'CA'),
(90740, 'Seal Beach', 'CA'),
(90742, 'Sunset Beach', 'CA'),
(90743, 'Surfside', 'CA'),
(90744, 'Wilmington', 'CA'),
(90745, 'Carson', 'CA'),
(90746, 'Carson', 'CA'),
(90747, 'Carson', 'CA'),
(90755, 'Signal Hill', 'CA'),
(90802, 'Long Beach', 'CA'),
(90803, 'Long Beach', 'CA'),
(90804, 'Long Beach', 'CA'),
(90805, 'Long Beach', 'CA'),
(90806, 'Long Beach', 'CA'),
(90807, 'Long Beach', 'CA'),
(90808, 'Long Beach', 'CA'),
(90810, 'Long Beach', 'CA'),
(90813, 'Long Beach', 'CA'),
(90814, 'Long Beach', 'CA'),
(90815, 'Long Beach', 'CA'),
(90822, 'Long Beach', 'CA'),
(90831, 'Long Beach', 'CA'),
(91001, 'Altadena', 'CA'),
(91006, 'Arcadia', 'CA'),
(91007, 'Arcadia', 'CA'),
(91008, 'Duarte', 'CA'),
(91010, 'Duarte', 'CA'),
(91011, 'La Canada Flintridge', 'CA'),
(91016, 'Monrovia', 'CA'),
(91020, 'Montrose', 'CA'),
(91024, 'Sierra Madre', 'CA'),
(91030, 'South Pasadena', 'CA'),
(91040, 'Sunland', 'CA'),
(91042, 'Tujunga', 'CA'),
(91046, 'Verdugo City', 'CA'),
(91101, 'Pasadena', 'CA'),
(91103, 'Pasadena', 'CA'),
(91104, 'Pasadena', 'CA'),
(91105, 'Pasadena', 'CA'),
(91106, 'Pasadena', 'CA'),
(91107, 'Pasadena', 'CA'),
(91108, 'San Marino', 'CA'),
(91201, 'Glendale', 'CA'),
(91202, 'Glendale', 'CA'),
(91203, 'Glendale', 'CA'),
(91204, 'Glendale', 'CA'),
(91205, 'Glendale', 'CA'),
(91206, 'Glendale', 'CA'),
(91207, 'Glendale', 'CA'),
(91208, 'Glendale', 'CA'),
(91210, 'Glendale', 'CA'),
(91214, 'La Crescenta', 'CA'),
(91301, 'Agoura Hills', 'CA'),
(91302, 'Calabasas', 'CA'),
(91303, 'Canoga Park', 'CA'),
(91304, 'Canoga Park', 'CA'),
(91306, 'Winnetka', 'CA'),
(91307, 'West Hills', 'CA'),
(91311, 'Chatsworth', 'CA'),
(91316, 'Encino', 'CA'),
(91320, 'Newbury Park', 'CA'),
(91321, 'Newhall', 'CA'),
(91324, 'Northridge', 'CA'),
(91325, 'Northridge', 'CA'),
(91326, 'Porter Ranch', 'CA'),
(91330, 'Northridge', 'CA'),
(91331, 'Pacoima', 'CA'),
(91335, 'Reseda', 'CA'),
(91340, 'San Fernando', 'CA'),
(91342, 'Sylmar', 'CA'),
(91343, 'North Hills', 'CA'),
(91344, 'Granada Hills', 'CA'),
(91345, 'Mission Hills', 'CA'),
(91350, 'Santa Clarita', 'CA'),
(91351, 'Canyon Country', 'CA'),
(91352, 'Sun Valley', 'CA'),
(91354, 'Valencia', 'CA'),
(91355, 'Valencia', 'CA'),
(91356, 'Tarzana', 'CA'),
(91360, 'Thousand Oaks', 'CA'),
(91361, 'Westlake Village', 'CA'),
(91362, 'Thousand Oaks', 'CA'),
(91364, 'Woodland Hills', 'CA'),
(91367, 'Woodland Hills', 'CA'),
(91371, 'Woodland Hills', 'CA'),
(91377, 'Oak Park', 'CA'),
(91381, 'Stevenson Ranch', 'CA'),
(91384, 'Castaic', 'CA'),
(91387, 'Canyon Country', 'CA'),
(91390, 'Santa Clarita', 'CA'),
(91401, 'Van Nuys', 'CA'),
(91402, 'Panorama City', 'CA'),
(91403, 'Sherman Oaks', 'CA'),
(91405, 'Van Nuys', 'CA'),
(91406, 'Van Nuys', 'CA'),
(91411, 'Van Nuys', 'CA'),
(91423, 'Sherman Oaks', 'CA'),
(91436, 'Encino', 'CA'),
(91501, 'Burbank', 'CA'),
(91502, 'Burbank', 'CA'),
(91504, 'Burbank', 'CA'),
(91505, 'Burbank', 'CA'),
(91506, 'Burbank', 'CA'),
(91601, 'North Hollywood', 'CA'),
(91602, 'North Hollywood', 'CA'),
(91604, 'Studio City', 'CA'),
(91605, 'North Hollywood', 'CA'),
(91606, 'North Hollywood', 'CA'),
(91607, 'Valley Village', 'CA'),
(91608, 'Universal City', 'CA'),
(91701, 'Rancho Cucamonga', 'CA'),
(91702, 'Azusa', 'CA'),
(91706, 'Baldwin Park', 'CA'),
(91708, 'Chino', 'CA'),
(91709, 'Chino Hills', 'CA'),
(91710, 'Chino', 'CA'),
(91711, 'Claremont', 'CA'),
(91722, 'Covina', 'CA'),
(91723, 'Covina', 'CA'),
(91724, 'Covina', 'CA'),
(91730, 'Rancho Cucamonga', 'CA'),
(91731, 'El Monte', 'CA'),
(91732, 'El Monte', 'CA'),
(91733, 'South El Monte', 'CA'),
(91737, 'Rancho Cucamonga', 'CA'),
(91739, 'Rancho Cucamonga', 'CA'),
(91740, 'Glendora', 'CA'),
(91741, 'Glendora', 'CA'),
(91744, 'La Puente', 'CA'),
(91745, 'Hacienda Heights', 'CA'),
(91746, 'La Puente', 'CA'),
(91748, 'Rowland Heights', 'CA'),
(91750, 'La Verne', 'CA'),
(91752, 'Mira Loma', 'CA'),
(91754, 'Monterey Park', 'CA'),
(91755, 'Monterey Park', 'CA'),
(91759, 'Mt Baldy', 'CA'),
(91761, 'Ontario', 'CA'),
(91762, 'Ontario', 'CA'),
(91763, 'Montclair', 'CA'),
(91764, 'Ontario', 'CA'),
(91765, 'Diamond Bar', 'CA'),
(91766, 'Pomona', 'CA'),
(91767, 'Pomona', 'CA'),
(91768, 'Pomona', 'CA'),
(91770, 'Rosemead', 'CA'),
(91773, 'San Dimas', 'CA'),
(91775, 'San Gabriel', 'CA'),
(91776, 'San Gabriel', 'CA'),
(91780, 'Temple City', 'CA'),
(91784, 'Upland', 'CA'),
(91786, 'Upland', 'CA'),
(91789, 'Walnut', 'CA'),
(91790, 'West Covina', 'CA'),
(91791, 'West Covina', 'CA'),
(91792, 'West Covina', 'CA'),
(91801, 'Alhambra', 'CA'),
(91803, 'Alhambra', 'CA'),
(91901, 'Alpine', 'CA'),
(91902, 'Bonita', 'CA'),
(91905, 'Boulevard', 'CA'),
(91906, 'Campo', 'CA'),
(91910, 'Chula Vista', 'CA'),
(91911, 'Chula Vista', 'CA'),
(91913, 'Chula Vista', 'CA'),
(91914, 'Chula Vista', 'CA'),
(91915, 'Chula Vista', 'CA'),
(91916, 'Descanso', 'CA'),
(91917, 'Dulzura', 'CA'),
(91931, 'Guatay', 'CA'),
(91932, 'Imperial Beach', 'CA'),
(91934, 'Jacumba', 'CA'),
(91935, 'Jamul', 'CA'),
(91941, 'La Mesa', 'CA'),
(91942, 'La Mesa', 'CA'),
(91945, 'Lemon Grove', 'CA'),
(91948, 'Mount Laguna', 'CA'),
(91950, 'National City', 'CA'),
(91962, 'Pine Valley', 'CA'),
(91963, 'Potrero', 'CA'),
(91977, 'Spring Valley', 'CA'),
(91978, 'Spring Valley', 'CA'),
(91980, 'Tecate', 'CA'),
(92003, 'Bonsall', 'CA'),
(92004, 'Borrego Springs', 'CA'),
(92007, 'Cardiff By The Sea', 'CA'),
(92008, 'Carlsbad', 'CA'),
(92009, 'Carlsbad', 'CA'),
(92010, 'Carlsbad', 'CA'),
(92011, 'Carlsbad', 'CA'),
(92014, 'Del Mar', 'CA'),
(92019, 'El Cajon', 'CA'),
(92020, 'El Cajon', 'CA'),
(92021, 'El Cajon', 'CA'),
(92024, 'Encinitas', 'CA'),
(92025, 'Escondido', 'CA'),
(92026, 'Escondido', 'CA'),
(92027, 'Escondido', 'CA'),
(92028, 'Fallbrook', 'CA'),
(92029, 'Escondido', 'CA'),
(92036, 'Julian', 'CA'),
(92037, 'La Jolla', 'CA'),
(92040, 'Lakeside', 'CA'),
(92054, 'Oceanside', 'CA'),
(92055, 'Camp Pendleton', 'CA'),
(92056, 'Oceanside', 'CA'),
(92057, 'Oceanside', 'CA'),
(92058, 'Oceanside', 'CA'),
(92059, 'Pala', 'CA'),
(92060, 'Palomar Mountain', 'CA'),
(92061, 'Pauma Valley', 'CA'),
(92064, 'Poway', 'CA'),
(92065, 'Ramona', 'CA'),
(92066, 'Ranchita', 'CA'),
(92067, 'Rancho Santa Fe', 'CA'),
(92069, 'San Marcos', 'CA'),
(92070, 'Santa Ysabel', 'CA'),
(92071, 'Santee', 'CA'),
(92075, 'Solana Beach', 'CA'),
(92078, 'San Marcos', 'CA'),
(92081, 'Vista', 'CA'),
(92082, 'Valley Center', 'CA'),
(92083, 'Vista', 'CA'),
(92084, 'Vista', 'CA'),
(92086, 'Warner Springs', 'CA'),
(92091, 'Rancho Santa Fe', 'CA'),
(92101, 'San Diego', 'CA'),
(92102, 'San Diego', 'CA'),
(92103, 'San Diego', 'CA'),
(92104, 'San Diego', 'CA'),
(92105, 'San Diego', 'CA'),
(92106, 'San Diego', 'CA'),
(92107, 'San Diego', 'CA'),
(92108, 'San Diego', 'CA'),
(92109, 'San Diego', 'CA'),
(92110, 'San Diego', 'CA'),
(92111, 'San Diego', 'CA'),
(92113, 'San Diego', 'CA'),
(92114, 'San Diego', 'CA'),
(92115, 'San Diego', 'CA'),
(92116, 'San Diego', 'CA'),
(92117, 'San Diego', 'CA'),
(92118, 'Coronado', 'CA'),
(92119, 'San Diego', 'CA'),
(92120, 'San Diego', 'CA'),
(92121, 'San Diego', 'CA'),
(92122, 'San Diego', 'CA'),
(92123, 'San Diego', 'CA'),
(92124, 'San Diego', 'CA'),
(92126, 'San Diego', 'CA'),
(92127, 'San Diego', 'CA'),
(92128, 'San Diego', 'CA'),
(92129, 'San Diego', 'CA'),
(92130, 'San Diego', 'CA'),
(92131, 'San Diego', 'CA'),
(92132, 'San Diego', 'CA'),
(92134, 'San Diego', 'CA'),
(92135, 'San Diego', 'CA'),
(92139, 'San Diego', 'CA'),
(92140, 'San Diego', 'CA'),
(92145, 'San Diego', 'CA'),
(92147, 'San Diego', 'CA'),
(92154, 'San Diego', 'CA'),
(92155, 'San Diego', 'CA'),
(92173, 'San Ysidro', 'CA'),
(92201, 'Indio', 'CA'),
(92203, 'Indio', 'CA'),
(92210, 'Indian Wells', 'CA'),
(92211, 'Palm Desert', 'CA'),
(92220, 'Banning', 'CA'),
(92222, 'Bard', 'CA'),
(92223, 'Beaumont', 'CA'),
(92225, 'Blythe', 'CA'),
(92227, 'Brawley', 'CA'),
(92230, 'Cabazon', 'CA'),
(92231, 'Calexico', 'CA'),
(92233, 'Calipatria', 'CA'),
(92234, 'Cathedral City', 'CA'),
(92236, 'Coachella', 'CA'),
(92239, 'Desert Center', 'CA'),
(92240, 'Desert Hot Springs', 'CA'),
(92241, 'Desert Hot Springs', 'CA'),
(92242, 'Earp', 'CA'),
(92243, 'El Centro', 'CA'),
(92249, 'Heber', 'CA'),
(92250, 'Holtville', 'CA'),
(92251, 'Imperial', 'CA'),
(92252, 'Joshua Tree', 'CA'),
(92253, 'La Quinta', 'CA'),
(92254, 'Mecca', 'CA'),
(92256, 'Morongo Valley', 'CA'),
(92257, 'Niland', 'CA'),
(92258, 'North Palm Springs', 'CA'),
(92259, 'Ocotillo', 'CA'),
(92260, 'Palm Desert', 'CA'),
(92262, 'Palm Springs', 'CA'),
(92264, 'Palm Springs', 'CA'),
(92266, 'Palo Verde', 'CA'),
(92267, 'Parker Dam', 'CA'),
(92268, 'Pioneertown', 'CA'),
(92270, 'Rancho Mirage', 'CA'),
(92273, 'Seeley', 'CA'),
(92274, 'Thermal', 'CA'),
(92275, 'Salton City', 'CA'),
(92276, 'Thousand Palms', 'CA'),
(92277, 'Twentynine Palms', 'CA'),
(92278, 'Twentynine Palms', 'CA'),
(92280, 'Vidal', 'CA'),
(92281, 'Westmorland', 'CA'),
(92282, 'Whitewater', 'CA'),
(92283, 'Winterhaven', 'CA'),
(92284, 'Yucca Valley', 'CA'),
(92285, 'Landers', 'CA'),
(92301, 'Adelanto', 'CA'),
(92304, 'Amboy', 'CA'),
(92305, 'Angelus Oaks', 'CA'),
(92307, 'Apple Valley', 'CA'),
(92308, 'Apple Valley', 'CA'),
(92309, 'Baker', 'CA'),
(92310, 'Fort Irwin', 'CA'),
(92311, 'Barstow', 'CA'),
(92313, 'Grand Terrace', 'CA'),
(92314, 'Big Bear City', 'CA'),
(92315, 'Big Bear Lake', 'CA'),
(92316, 'Bloomington', 'CA'),
(92320, 'Calimesa', 'CA'),
(92321, 'Cedar Glen', 'CA'),
(92322, 'Cedarpines Park', 'CA'),
(92324, 'Colton', 'CA'),
(92325, 'Crestline', 'CA'),
(92327, 'Daggett', 'CA'),
(92328, 'Death Valley', 'CA'),
(92332, 'Essex', 'CA'),
(92333, 'Fawnskin', 'CA'),
(92335, 'Fontana', 'CA'),
(92336, 'Fontana', 'CA'),
(92337, 'Fontana', 'CA'),
(92338, 'Ludlow', 'CA'),
(92339, 'Forest Falls', 'CA'),
(92341, 'Green Valley Lake', 'CA'),
(92342, 'Helendale', 'CA'),
(92344, 'Hesperia', 'CA'),
(92345, 'Hesperia', 'CA'),
(92346, 'Highland', 'CA'),
(92347, 'Hinkley', 'CA'),
(92352, 'Lake Arrowhead', 'CA'),
(92354, 'Loma Linda', 'CA'),
(92356, 'Lucerne Valley', 'CA'),
(92358, 'Lytle Creek', 'CA'),
(92359, 'Mentone', 'CA'),
(92363, 'Needles', 'CA'),
(92364, 'Nipton', 'CA'),
(92365, 'Newberry Springs', 'CA'),
(92368, 'Oro Grande', 'CA'),
(92371, 'Phelan', 'CA'),
(92372, 'Pinon Hills', 'CA'),
(92373, 'Redlands', 'CA'),
(92374, 'Redlands', 'CA'),
(92376, 'Rialto', 'CA'),
(92377, 'Rialto', 'CA'),
(92378, 'Rimforest', 'CA'),
(92382, 'Running Springs', 'CA'),
(92384, 'Shoshone', 'CA'),
(92385, 'Skyforest', 'CA'),
(92386, 'Sugarloaf', 'CA'),
(92389, 'Tecopa', 'CA'),
(92391, 'Twin Peaks', 'CA'),
(92392, 'Victorville', 'CA'),
(92394, 'Victorville', 'CA'),
(92395, 'Victorville', 'CA'),
(92397, 'Wrightwood', 'CA'),
(92398, 'Yermo', 'CA'),
(92399, 'Yucaipa', 'CA'),
(92401, 'San Bernardino', 'CA'),
(92404, 'San Bernardino', 'CA'),
(92405, 'San Bernardino', 'CA'),
(92407, 'San Bernardino', 'CA'),
(92408, 'San Bernardino', 'CA'),
(92410, 'San Bernardino', 'CA'),
(92411, 'San Bernardino', 'CA'),
(92501, 'Riverside', 'CA'),
(92503, 'Riverside', 'CA'),
(92504, 'Riverside', 'CA'),
(92505, 'Riverside', 'CA'),
(92506, 'Riverside', 'CA'),
(92507, 'Riverside', 'CA'),
(92508, 'Riverside', 'CA'),
(92509, 'Jurupa Valley', 'CA'),
(92518, 'March Air Reserve Base', 'CA'),
(92530, 'Lake Elsinore', 'CA'),
(92532, 'Lake Elsinore', 'CA'),
(92536, 'Aguanga', 'CA'),
(92539, 'Anza', 'CA'),
(92543, 'Hemet', 'CA'),
(92544, 'Hemet', 'CA'),
(92545, 'Hemet', 'CA'),
(92548, 'Homeland', 'CA'),
(92549, 'Idyllwild', 'CA'),
(92551, 'Moreno Valley', 'CA'),
(92553, 'Moreno Valley', 'CA'),
(92555, 'Moreno Valley', 'CA'),
(92557, 'Moreno Valley', 'CA'),
(92561, 'Mountain Center', 'CA'),
(92562, 'Murrieta', 'CA'),
(92563, 'Murrieta', 'CA'),
(92567, 'Nuevo', 'CA'),
(92570, 'Perris', 'CA'),
(92571, 'Perris', 'CA'),
(92582, 'San Jacinto', 'CA'),
(92583, 'San Jacinto', 'CA'),
(92584, 'Menifee', 'CA'),
(92585, 'Menifee', 'CA'),
(92586, 'Menifee', 'CA'),
(92587, 'Menifee', 'CA'),
(92590, 'Temecula', 'CA'),
(92591, 'Temecula', 'CA'),
(92592, 'Temecula', 'CA'),
(92595, 'Wildomar', 'CA'),
(92596, 'Winchester', 'CA'),
(92602, 'Irvine', 'CA'),
(92603, 'Irvine', 'CA'),
(92604, 'Irvine', 'CA'),
(92606, 'Irvine', 'CA'),
(92610, 'Foothill Ranch', 'CA'),
(92612, 'Irvine', 'CA'),
(92614, 'Irvine', 'CA'),
(92617, 'Irvine', 'CA'),
(92618, 'Irvine', 'CA'),
(92620, 'Irvine', 'CA'),
(92624, 'Capistrano Beach', 'CA'),
(92625, 'Corona Del Mar', 'CA'),
(92626, 'Costa Mesa', 'CA'),
(92627, 'Costa Mesa', 'CA'),
(92629, 'Dana Point', 'CA'),
(92630, 'Lake Forest', 'CA'),
(92637, 'Laguna Woods', 'CA'),
(92646, 'Huntington Beach', 'CA'),
(92647, 'Huntington Beach', 'CA'),
(92648, 'Huntington Beach', 'CA'),
(92649, 'Huntington Beach', 'CA'),
(92651, 'Laguna Beach', 'CA'),
(92653, 'Laguna Hills', 'CA'),
(92655, 'Midway City', 'CA'),
(92656, 'Aliso Viejo', 'CA'),
(92657, 'Newport Coast', 'CA'),
(92660, 'Newport Beach', 'CA'),
(92661, 'Newport Beach', 'CA'),
(92662, 'Newport Beach', 'CA'),
(92663, 'Newport Beach', 'CA'),
(92672, 'San Clemente', 'CA'),
(92673, 'San Clemente', 'CA'),
(92675, 'San Juan Capistrano', 'CA'),
(92676, 'Silverado', 'CA'),
(92677, 'Laguna Niguel', 'CA'),
(92678, 'Trabuco Canyon', 'CA'),
(92679, 'Trabuco Canyon', 'CA'),
(92683, 'Westminster', 'CA'),
(92688, 'Rancho Santa Margarita', 'CA'),
(92691, 'Mission Viejo', 'CA'),
(92692, 'Mission Viejo', 'CA'),
(92694, 'Ladera Ranch', 'CA'),
(92701, 'Santa Ana', 'CA'),
(92703, 'Santa Ana', 'CA'),
(92704, 'Santa Ana', 'CA'),
(92705, 'Santa Ana', 'CA'),
(92706, 'Santa Ana', 'CA'),
(92707, 'Santa Ana', 'CA'),
(92708, 'Fountain Valley', 'CA'),
(92780, 'Tustin', 'CA'),
(92782, 'Tustin', 'CA'),
(92801, 'Anaheim', 'CA'),
(92802, 'Anaheim', 'CA'),
(92804, 'Anaheim', 'CA'),
(92805, 'Anaheim', 'CA'),
(92806, 'Anaheim', 'CA'),
(92807, 'Anaheim', 'CA'),
(92808, 'Anaheim', 'CA'),
(92821, 'Brea', 'CA'),
(92823, 'Brea', 'CA'),
(92831, 'Fullerton', 'CA'),
(92832, 'Fullerton', 'CA'),
(92833, 'Fullerton', 'CA'),
(92835, 'Fullerton', 'CA'),
(92840, 'Garden Grove', 'CA'),
(92841, 'Garden Grove', 'CA'),
(92843, 'Garden Grove', 'CA'),
(92844, 'Garden Grove', 'CA'),
(92845, 'Garden Grove', 'CA'),
(92860, 'Norco', 'CA'),
(92861, 'Villa Park', 'CA'),
(92865, 'Orange', 'CA'),
(92866, 'Orange', 'CA'),
(92867, 'Orange', 'CA'),
(92868, 'Orange', 'CA'),
(92869, 'Orange', 'CA'),
(92870, 'Placentia', 'CA'),
(92879, 'Corona', 'CA'),
(92880, 'Corona', 'CA'),
(92881, 'Corona', 'CA'),
(92882, 'Corona', 'CA'),
(92883, 'Corona', 'CA'),
(92886, 'Yorba Linda', 'CA'),
(92887, 'Yorba Linda', 'CA'),
(93001, 'Ventura', 'CA'),
(93003, 'Ventura', 'CA'),
(93004, 'Ventura', 'CA'),
(93010, 'Camarillo', 'CA'),
(93012, 'Camarillo', 'CA'),
(93013, 'Carpinteria', 'CA'),
(93015, 'Fillmore', 'CA'),
(93021, 'Moorpark', 'CA'),
(93022, 'Oak View', 'CA'),
(93023, 'Ojai', 'CA'),
(93030, 'Oxnard', 'CA'),
(93033, 'Oxnard', 'CA'),
(93035, 'Oxnard', 'CA'),
(93036, 'Oxnard', 'CA'),
(93040, 'Piru', 'CA'),
(93041, 'Port Hueneme', 'CA'),
(93042, 'Point Mugu Nawc', 'CA'),
(93043, 'Port Hueneme Cbc Base', 'CA'),
(93060, 'Santa Paula', 'CA'),
(93063, 'Simi Valley', 'CA'),
(93064, 'Brandeis', 'CA'),
(93065, 'Simi Valley', 'CA'),
(93066, 'Somis', 'CA'),
(93067, 'Summerland', 'CA'),
(93101, 'Santa Barbara', 'CA'),
(93103, 'Santa Barbara', 'CA'),
(93105, 'Santa Barbara', 'CA'),
(93108, 'Santa Barbara', 'CA'),
(93109, 'Santa Barbara', 'CA'),
(93110, 'Santa Barbara', 'CA'),
(93111, 'Santa Barbara', 'CA'),
(93117, 'Goleta', 'CA'),
(93201, 'Alpaugh', 'CA'),
(93202, 'Armona', 'CA'),
(93203, 'Arvin', 'CA'),
(93204, 'Avenal', 'CA'),
(93205, 'Bodfish', 'CA'),
(93206, 'Buttonwillow', 'CA'),
(93207, 'California Hot Springs', 'CA'),
(93208, 'Camp Nelson', 'CA'),
(93210, 'Coalinga', 'CA'),
(93212, 'Corcoran', 'CA'),
(93215, 'Delano', 'CA'),
(93218, 'Ducor', 'CA'),
(93219, 'Earlimart', 'CA'),
(93220, 'Edison', 'CA'),
(93221, 'Exeter', 'CA'),
(93222, 'Pine Mountain Club', 'CA'),
(93223, 'Farmersville', 'CA'),
(93224, 'Fellows', 'CA'),
(93225, 'Frazier Park', 'CA'),
(93226, 'Glennville', 'CA'),
(93230, 'Hanford', 'CA'),
(93234, 'Huron', 'CA'),
(93235, 'Ivanhoe', 'CA'),
(93238, 'Kernville', 'CA'),
(93239, 'Kettleman City', 'CA'),
(93240, 'Lake Isabella', 'CA'),
(93241, 'Lamont', 'CA'),
(93242, 'Laton', 'CA'),
(93243, 'Lebec', 'CA'),
(93244, 'Lemon Cove', 'CA'),
(93245, 'Lemoore', 'CA'),
(93247, 'Lindsay', 'CA'),
(93249, 'Lost Hills', 'CA'),
(93250, 'Mc Farland', 'CA'),
(93251, 'Mc Kittrick', 'CA'),
(93252, 'Maricopa', 'CA'),
(93254, 'New Cuyama', 'CA'),
(93255, 'Onyx', 'CA'),
(93256, 'Pixley', 'CA'),
(93257, 'Porterville', 'CA'),
(93258, 'Porterville', 'CA'),
(93260, 'Posey', 'CA'),
(93261, 'Richgrove', 'CA'),
(93262, 'Sequoia National Park', 'CA'),
(93263, 'Shafter', 'CA'),
(93265, 'Springville', 'CA'),
(93266, 'Stratford', 'CA'),
(93267, 'Strathmore', 'CA'),
(93268, 'Taft', 'CA'),
(93270, 'Terra Bella', 'CA'),
(93271, 'Three Rivers', 'CA'),
(93272, 'Tipton', 'CA'),
(93274, 'Tulare', 'CA'),
(93276, 'Tupman', 'CA'),
(93277, 'Visalia', 'CA'),
(93280, 'Wasco', 'CA'),
(93283, 'Weldon', 'CA'),
(93285, 'Wofford Heights', 'CA'),
(93286, 'Woodlake', 'CA'),
(93287, 'Woody', 'CA'),
(93291, 'Visalia', 'CA'),
(93292, 'Visalia', 'CA'),
(93301, 'Bakersfield', 'CA'),
(93304, 'Bakersfield', 'CA'),
(93305, 'Bakersfield', 'CA'),
(93306, 'Bakersfield', 'CA'),
(93307, 'Bakersfield', 'CA'),
(93308, 'Bakersfield', 'CA'),
(93309, 'Bakersfield', 'CA'),
(93311, 'Bakersfield', 'CA'),
(93312, 'Bakersfield', 'CA'),
(93313, 'Bakersfield', 'CA'),
(93314, 'Bakersfield', 'CA'),
(93401, 'San Luis Obispo', 'CA'),
(93402, 'Los Osos', 'CA'),
(93405, 'San Luis Obispo', 'CA'),
(93410, 'San Luis Obispo', 'CA'),
(93420, 'Arroyo Grande', 'CA'),
(93422, 'Atascadero', 'CA'),
(93424, 'Avila Beach', 'CA'),
(93426, 'Bradley', 'CA'),
(93427, 'Buellton', 'CA'),
(93428, 'Cambria', 'CA'),
(93429, 'Casmalia', 'CA'),
(93430, 'Cayucos', 'CA'),
(93432, 'Creston', 'CA'),
(93433, 'Grover Beach', 'CA'),
(93434, 'Guadalupe', 'CA'),
(93436, 'Lompoc', 'CA'),
(93437, 'Lompoc', 'CA'),
(93440, 'Los Alamos', 'CA'),
(93441, 'Los Olivos', 'CA'),
(93442, 'Morro Bay', 'CA'),
(93444, 'Nipomo', 'CA'),
(93445, 'Oceano', 'CA'),
(93446, 'Paso Robles', 'CA'),
(93449, 'Pismo Beach', 'CA'),
(93450, 'San Ardo', 'CA'),
(93451, 'San Miguel', 'CA'),
(93452, 'San Simeon', 'CA'),
(93453, 'Santa Margarita', 'CA'),
(93454, 'Santa Maria', 'CA'),
(93455, 'Santa Maria', 'CA'),
(93458, 'Santa Maria', 'CA'),
(93460, 'Santa Ynez', 'CA'),
(93461, 'Shandon', 'CA'),
(93463, 'Solvang', 'CA'),
(93465, 'Templeton', 'CA'),
(93501, 'Mojave', 'CA'),
(93505, 'California City', 'CA'),
(93510, 'Acton', 'CA'),
(93512, 'Benton', 'CA'),
(93513, 'Big Pine', 'CA'),
(93514, 'Bishop', 'CA'),
(93516, 'Boron', 'CA'),
(93517, 'Bridgeport', 'CA'),
(93518, 'Caliente', 'CA'),
(93519, 'Cantil', 'CA'),
(93522, 'Darwin', 'CA'),
(93523, 'Edwards', 'CA'),
(93524, 'Edwards', 'CA'),
(93526, 'Independence', 'CA'),
(93527, 'Inyokern', 'CA'),
(93528, 'Johannesburg', 'CA'),
(93529, 'June Lake', 'CA'),
(93530, 'Keeler', 'CA'),
(93531, 'Keene', 'CA'),
(93532, 'Lake Hughes', 'CA'),
(93534, 'Lancaster', 'CA'),
(93535, 'Lancaster', 'CA'),
(93536, 'Lancaster', 'CA'),
(93541, 'Lee Vining', 'CA'),
(93543, 'Littlerock', 'CA'),
(93544, 'Llano', 'CA'),
(93545, 'Lone Pine', 'CA'),
(93546, 'Mammoth Lakes', 'CA'),
(93549, 'Olancha', 'CA'),
(93550, 'Palmdale', 'CA'),
(93551, 'Palmdale', 'CA'),
(93552, 'Palmdale', 'CA'),
(93553, 'Pearblossom', 'CA'),
(93554, 'Randsburg', 'CA'),
(93555, 'Ridgecrest', 'CA'),
(93558, 'Red Mountain', 'CA'),
(93560, 'Rosamond', 'CA'),
(93561, 'Tehachapi', 'CA'),
(93562, 'Trona', 'CA'),
(93563, 'Valyermo', 'CA'),
(93591, 'Palmdale', 'CA'),
(93592, 'Trona', 'CA'),
(93601, 'Ahwahnee', 'CA'),
(93602, 'Auberry', 'CA'),
(93603, 'Badger', 'CA'),
(93604, 'Bass Lake', 'CA'),
(93605, 'Big Creek', 'CA'),
(93606, 'Biola', 'CA'),
(93608, 'Cantua Creek', 'CA'),
(93609, 'Caruthers', 'CA'),
(93610, 'Chowchilla', 'CA'),
(93611, 'Clovis', 'CA'),
(93612, 'Clovis', 'CA'),
(93614, 'Coarsegold', 'CA'),
(93615, 'Cutler', 'CA'),
(93616, 'Del Rey', 'CA'),
(93618, 'Dinuba', 'CA'),
(93619, 'Clovis', 'CA'),
(93620, 'Dos Palos', 'CA'),
(93621, 'Dunlap', 'CA'),
(93622, 'Firebaugh', 'CA'),
(93623, 'Fish Camp', 'CA'),
(93624, 'Five Points', 'CA'),
(93625, 'Fowler', 'CA'),
(93626, 'Friant', 'CA'),
(93627, 'Helm', 'CA'),
(93628, 'Hume', 'CA'),
(93630, 'Kerman', 'CA'),
(93631, 'Kingsburg', 'CA'),
(93633, 'Kings Canyon National Pk', 'CA'),
(93634, 'Lakeshore', 'CA'),
(93635, 'Los Banos', 'CA'),
(93636, 'Madera', 'CA'),
(93637, 'Madera', 'CA'),
(93638, 'Madera', 'CA'),
(93640, 'Mendota', 'CA'),
(93641, 'Miramonte', 'CA'),
(93643, 'North Fork', 'CA'),
(93644, 'Oakhurst', 'CA'),
(93645, 'O Neals', 'CA'),
(93646, 'Orange Cove', 'CA'),
(93647, 'Orosi', 'CA'),
(93648, 'Parlier', 'CA'),
(93650, 'Fresno', 'CA'),
(93651, 'Prather', 'CA'),
(93652, 'Raisin City', 'CA'),
(93653, 'Raymond', 'CA'),
(93654, 'Reedley', 'CA'),
(93656, 'Riverdale', 'CA'),
(93657, 'Sanger', 'CA'),
(93660, 'San Joaquin', 'CA'),
(93662, 'Selma', 'CA'),
(93664, 'Shaver Lake', 'CA'),
(93665, 'South Dos Palos', 'CA'),
(93666, 'Sultana', 'CA'),
(93667, 'Tollhouse', 'CA'),
(93668, 'Tranquillity', 'CA'),
(93669, 'Wishon', 'CA'),
(93673, 'Traver', 'CA'),
(93675, 'Squaw Valley', 'CA'),
(93701, 'Fresno', 'CA'),
(93702, 'Fresno', 'CA'),
(93703, 'Fresno', 'CA'),
(93704, 'Fresno', 'CA'),
(93705, 'Fresno', 'CA'),
(93706, 'Fresno', 'CA'),
(93710, 'Fresno', 'CA'),
(93711, 'Fresno', 'CA'),
(93720, 'Fresno', 'CA'),
(93721, 'Fresno', 'CA'),
(93722, 'Fresno', 'CA'),
(93723, 'Fresno', 'CA'),
(93725, 'Fresno', 'CA'),
(93726, 'Fresno', 'CA'),
(93727, 'Fresno', 'CA'),
(93728, 'Fresno', 'CA'),
(93730, 'Fresno', 'CA'),
(93901, 'Salinas', 'CA'),
(93905, 'Salinas', 'CA'),
(93906, 'Salinas', 'CA'),
(93907, 'Salinas', 'CA'),
(93908, 'Salinas', 'CA'),
(93920, 'Big Sur', 'CA'),
(93921, 'Carmel By The Sea', 'CA'),
(93923, 'Carmel', 'CA'),
(93924, 'Carmel Valley', 'CA'),
(93925, 'Chualar', 'CA'),
(93926, 'Gonzales', 'CA'),
(93927, 'Greenfield', 'CA'),
(93928, 'Jolon', 'CA'),
(93930, 'King City', 'CA'),
(93932, 'Lockwood', 'CA'),
(93933, 'Marina', 'CA'),
(93940, 'Monterey', 'CA'),
(93943, 'Monterey', 'CA'),
(93950, 'Pacific Grove', 'CA'),
(93953, 'Pebble Beach', 'CA'),
(93954, 'San Lucas', 'CA'),
(93955, 'Seaside', 'CA'),
(93960, 'Soledad', 'CA'),
(93962, 'Spreckels', 'CA'),
(94002, 'Belmont', 'CA'),
(94005, 'Brisbane', 'CA'),
(94010, 'Burlingame', 'CA'),
(94014, 'Daly City', 'CA'),
(94015, 'Daly City', 'CA'),
(94019, 'Half Moon Bay', 'CA'),
(94020, 'La Honda', 'CA'),
(94021, 'Loma Mar', 'CA'),
(94022, 'Los Altos', 'CA'),
(94024, 'Los Altos', 'CA'),
(94025, 'Menlo Park', 'CA'),
(94027, 'Atherton', 'CA'),
(94028, 'Portola Valley', 'CA'),
(94030, 'Millbrae', 'CA'),
(94037, 'Montara', 'CA'),
(94038, 'Moss Beach', 'CA'),
(94040, 'Mountain View', 'CA'),
(94041, 'Mountain View', 'CA'),
(94043, 'Mountain View', 'CA'),
(94044, 'Pacifica', 'CA'),
(94060, 'Pescadero', 'CA'),
(94061, 'Redwood City', 'CA'),
(94062, 'Redwood City', 'CA'),
(94063, 'Redwood City', 'CA'),
(94065, 'Redwood City', 'CA'),
(94066, 'San Bruno', 'CA'),
(94070, 'San Carlos', 'CA'),
(94074, 'San Gregorio', 'CA'),
(94080, 'South San Francisco', 'CA'),
(94085, 'Sunnyvale', 'CA'),
(94086, 'Sunnyvale', 'CA'),
(94087, 'Sunnyvale', 'CA'),
(94089, 'Sunnyvale', 'CA'),
(94102, 'San Francisco', 'CA'),
(94103, 'San Francisco', 'CA'),
(94104, 'San Francisco', 'CA'),
(94105, 'San Francisco', 'CA'),
(94107, 'San Francisco', 'CA'),
(94108, 'San Francisco', 'CA'),
(94109, 'San Francisco', 'CA'),
(94110, 'San Francisco', 'CA'),
(94111, 'San Francisco', 'CA'),
(94112, 'San Francisco', 'CA'),
(94114, 'San Francisco', 'CA'),
(94115, 'San Francisco', 'CA'),
(94116, 'San Francisco', 'CA'),
(94117, 'San Francisco', 'CA'),
(94118, 'San Francisco', 'CA'),
(94121, 'San Francisco', 'CA'),
(94122, 'San Francisco', 'CA'),
(94123, 'San Francisco', 'CA'),
(94124, 'San Francisco', 'CA'),
(94127, 'San Francisco', 'CA'),
(94128, 'San Francisco', 'CA'),
(94129, 'San Francisco', 'CA'),
(94130, 'San Francisco', 'CA'),
(94131, 'San Francisco', 'CA'),
(94132, 'San Francisco', 'CA'),
(94133, 'San Francisco', 'CA'),
(94134, 'San Francisco', 'CA'),
(94158, 'San Francisco', 'CA'),
(94301, 'Palo Alto', 'CA'),
(94303, 'Palo Alto', 'CA'),
(94304, 'Palo Alto', 'CA'),
(94305, 'Stanford', 'CA'),
(94306, 'Palo Alto', 'CA'),
(94401, 'San Mateo', 'CA'),
(94402, 'San Mateo', 'CA'),
(94403, 'San Mateo', 'CA'),
(94404, 'San Mateo', 'CA'),
(94501, 'Alameda', 'CA'),
(94502, 'Alameda', 'CA'),
(94503, 'American Canyon', 'CA'),
(94505, 'Discovery Bay', 'CA'),
(94506, 'Danville', 'CA'),
(94507, 'Alamo', 'CA'),
(94508, 'Angwin', 'CA'),
(94509, 'Antioch', 'CA'),
(94510, 'Benicia', 'CA'),
(94511, 'Bethel Island', 'CA'),
(94512, 'Birds Landing', 'CA'),
(94513, 'Brentwood', 'CA'),
(94514, 'Byron', 'CA'),
(94515, 'Calistoga', 'CA'),
(94516, 'Canyon', 'CA'),
(94517, 'Clayton', 'CA'),
(94518, 'Concord', 'CA'),
(94519, 'Concord', 'CA'),
(94520, 'Concord', 'CA'),
(94521, 'Concord', 'CA'),
(94523, 'Pleasant Hill', 'CA'),
(94525, 'Crockett', 'CA'),
(94526, 'Danville', 'CA'),
(94528, 'Diablo', 'CA'),
(94530, 'El Cerrito', 'CA'),
(94531, 'Antioch', 'CA'),
(94533, 'Fairfield', 'CA'),
(94534, 'Fairfield', 'CA'),
(94535, 'Travis Afb', 'CA'),
(94536, 'Fremont', 'CA'),
(94538, 'Fremont', 'CA'),
(94539, 'Fremont', 'CA'),
(94541, 'Hayward', 'CA'),
(94542, 'Hayward', 'CA'),
(94544, 'Hayward', 'CA'),
(94545, 'Hayward', 'CA'),
(94546, 'Castro Valley', 'CA'),
(94547, 'Hercules', 'CA'),
(94548, 'Knightsen', 'CA'),
(94549, 'Lafayette', 'CA'),
(94550, 'Livermore', 'CA'),
(94551, 'Livermore', 'CA'),
(94552, 'Castro Valley', 'CA'),
(94553, 'Martinez', 'CA'),
(94555, 'Fremont', 'CA'),
(94556, 'Moraga', 'CA'),
(94558, 'Napa', 'CA'),
(94559, 'Napa', 'CA'),
(94560, 'Newark', 'CA'),
(94561, 'Oakley', 'CA'),
(94563, 'Orinda', 'CA'),
(94564, 'Pinole', 'CA'),
(94565, 'Pittsburg', 'CA'),
(94566, 'Pleasanton', 'CA'),
(94567, 'Pope Valley', 'CA'),
(94568, 'Dublin', 'CA'),
(94569, 'Port Costa', 'CA'),
(94571, 'Rio Vista', 'CA'),
(94572, 'Rodeo', 'CA'),
(94573, 'Rutherford', 'CA'),
(94574, 'Saint Helena', 'CA'),
(94575, 'Moraga', 'CA'),
(94576, 'Deer Park', 'CA'),
(94577, 'San Leandro', 'CA'),
(94578, 'San Leandro', 'CA'),
(94579, 'San Leandro', 'CA'),
(94580, 'San Lorenzo', 'CA'),
(94582, 'San Ramon', 'CA'),
(94583, 'San Ramon', 'CA'),
(94585, 'Suisun City', 'CA'),
(94586, 'Sunol', 'CA'),
(94587, 'Union City', 'CA'),
(94588, 'Pleasanton', 'CA'),
(94589, 'Vallejo', 'CA'),
(94590, 'Vallejo', 'CA'),
(94591, 'Vallejo', 'CA'),
(94592, 'Vallejo', 'CA'),
(94595, 'Walnut Creek', 'CA'),
(94596, 'Walnut Creek', 'CA'),
(94597, 'Walnut Creek', 'CA'),
(94598, 'Walnut Creek', 'CA'),
(94599, 'Yountville', 'CA'),
(94601, 'Oakland', 'CA'),
(94602, 'Oakland', 'CA'),
(94603, 'Oakland', 'CA'),
(94605, 'Oakland', 'CA'),
(94606, 'Oakland', 'CA'),
(94607, 'Oakland', 'CA'),
(94608, 'Emeryville', 'CA'),
(94609, 'Oakland', 'CA'),
(94610, 'Oakland', 'CA'),
(94611, 'Oakland', 'CA'),
(94612, 'Oakland', 'CA'),
(94613, 'Oakland', 'CA'),
(94618, 'Oakland', 'CA'),
(94619, 'Oakland', 'CA'),
(94621, 'Oakland', 'CA'),
(94702, 'Berkeley', 'CA'),
(94703, 'Berkeley', 'CA'),
(94704, 'Berkeley', 'CA'),
(94705, 'Berkeley', 'CA'),
(94706, 'Albany', 'CA'),
(94707, 'Berkeley', 'CA'),
(94708, 'Berkeley', 'CA'),
(94709, 'Berkeley', 'CA'),
(94710, 'Berkeley', 'CA'),
(94720, 'Berkeley', 'CA'),
(94801, 'Richmond', 'CA'),
(94803, 'El Sobrante', 'CA'),
(94804, 'Richmond', 'CA'),
(94805, 'Richmond', 'CA'),
(94806, 'San Pablo', 'CA'),
(94850, 'Richmond', 'CA'),
(94901, 'San Rafael', 'CA'),
(94903, 'San Rafael', 'CA'),
(94904, 'Greenbrae', 'CA'),
(94920, 'Belvedere Tiburon', 'CA'),
(94922, 'Bodega', 'CA'),
(94923, 'Bodega Bay', 'CA'),
(94924, 'Bolinas', 'CA'),
(94925, 'Corte Madera', 'CA'),
(94928, 'Rohnert Park', 'CA'),
(94929, 'Dillon Beach', 'CA'),
(94930, 'Fairfax', 'CA'),
(94931, 'Cotati', 'CA'),
(94933, 'Forest Knolls', 'CA'),
(94937, 'Inverness', 'CA'),
(94938, 'Lagunitas', 'CA'),
(94939, 'Larkspur', 'CA'),
(94940, 'Marshall', 'CA'),
(94941, 'Mill Valley', 'CA'),
(94945, 'Novato', 'CA'),
(94946, 'Nicasio', 'CA'),
(94947, 'Novato', 'CA'),
(94949, 'Novato', 'CA'),
(94950, 'Olema', 'CA'),
(94951, 'Penngrove', 'CA'),
(94952, 'Petaluma', 'CA'),
(94954, 'Petaluma', 'CA'),
(94956, 'Point Reyes Station', 'CA'),
(94957, 'Ross', 'CA'),
(94960, 'San Anselmo', 'CA'),
(94963, 'San Geronimo', 'CA'),
(94964, 'San Quentin', 'CA'),
(94965, 'Sausalito', 'CA'),
(94970, 'Stinson Beach', 'CA'),
(94971, 'Tomales', 'CA'),
(94972, 'Valley Ford', 'CA'),
(94973, 'Woodacre', 'CA'),
(95002, 'Alviso', 'CA'),
(95003, 'Aptos', 'CA'),
(95004, 'Aromas', 'CA'),
(95005, 'Ben Lomond', 'CA'),
(95006, 'Boulder Creek', 'CA'),
(95007, 'Brookdale', 'CA'),
(95008, 'Campbell', 'CA'),
(95010, 'Capitola', 'CA'),
(95012, 'Castroville', 'CA'),
(95013, 'Coyote', 'CA'),
(95014, 'Cupertino', 'CA'),
(95017, 'Davenport', 'CA'),
(95018, 'Felton', 'CA'),
(95019, 'Freedom', 'CA'),
(95020, 'Gilroy', 'CA'),
(95023, 'Hollister', 'CA'),
(95030, 'Los Gatos', 'CA'),
(95032, 'Los Gatos', 'CA'),
(95033, 'Los Gatos', 'CA'),
(95035, 'Milpitas', 'CA'),
(95037, 'Morgan Hill', 'CA'),
(95039, 'Moss Landing', 'CA'),
(95041, 'Mount Hermon', 'CA'),
(95043, 'Paicines', 'CA'),
(95045, 'San Juan Bautista', 'CA'),
(95046, 'San Martin', 'CA'),
(95050, 'Santa Clara', 'CA'),
(95051, 'Santa Clara', 'CA'),
(95053, 'Santa Clara', 'CA'),
(95054, 'Santa Clara', 'CA'),
(95060, 'Santa Cruz', 'CA'),
(95062, 'Santa Cruz', 'CA'),
(95064, 'Santa Cruz', 'CA'),
(95065, 'Santa Cruz', 'CA'),
(95066, 'Scotts Valley', 'CA'),
(95070, 'Saratoga', 'CA'),
(95073, 'Soquel', 'CA'),
(95075, 'Tres Pinos', 'CA'),
(95076, 'Watsonville', 'CA'),
(95110, 'San Jose', 'CA'),
(95111, 'San Jose', 'CA'),
(95112, 'San Jose', 'CA'),
(95113, 'San Jose', 'CA'),
(95116, 'San Jose', 'CA'),
(95117, 'San Jose', 'CA'),
(95118, 'San Jose', 'CA'),
(95119, 'San Jose', 'CA'),
(95120, 'San Jose', 'CA'),
(95121, 'San Jose', 'CA'),
(95122, 'San Jose', 'CA'),
(95123, 'San Jose', 'CA'),
(95124, 'San Jose', 'CA'),
(95125, 'San Jose', 'CA'),
(95126, 'San Jose', 'CA'),
(95127, 'San Jose', 'CA'),
(95128, 'San Jose', 'CA'),
(95129, 'San Jose', 'CA'),
(95130, 'San Jose', 'CA'),
(95131, 'San Jose', 'CA'),
(95132, 'San Jose', 'CA'),
(95133, 'San Jose', 'CA'),
(95134, 'San Jose', 'CA'),
(95135, 'San Jose', 'CA'),
(95136, 'San Jose', 'CA'),
(95138, 'San Jose', 'CA'),
(95139, 'San Jose', 'CA'),
(95140, 'Mount Hamilton', 'CA'),
(95148, 'San Jose', 'CA'),
(95202, 'Stockton', 'CA'),
(95203, 'Stockton', 'CA'),
(95204, 'Stockton', 'CA'),
(95205, 'Stockton', 'CA'),
(95206, 'Stockton', 'CA'),
(95207, 'Stockton', 'CA'),
(95209, 'Stockton', 'CA'),
(95210, 'Stockton', 'CA'),
(95211, 'Stockton', 'CA'),
(95212, 'Stockton', 'CA'),
(95215, 'Stockton', 'CA'),
(95219, 'Stockton', 'CA'),
(95220, 'Acampo', 'CA'),
(95222, 'Angels Camp', 'CA'),
(95223, 'Arnold', 'CA'),
(95224, 'Avery', 'CA'),
(95225, 'Burson', 'CA'),
(95226, 'Campo Seco', 'CA'),
(95227, 'Clements', 'CA'),
(95228, 'Copperopolis', 'CA'),
(95230, 'Farmington', 'CA'),
(95231, 'French Camp', 'CA'),
(95232, 'Glencoe', 'CA'),
(95233, 'Hathaway Pines', 'CA'),
(95234, 'Holt', 'CA'),
(95236, 'Linden', 'CA'),
(95237, 'Lockeford', 'CA'),
(95240, 'Lodi', 'CA'),
(95242, 'Lodi', 'CA'),
(95245, 'Mokelumne Hill', 'CA'),
(95246, 'Mountain Ranch', 'CA'),
(95247, 'Murphys', 'CA'),
(95248, 'Rail Road Flat', 'CA'),
(95249, 'San Andreas', 'CA'),
(95251, 'Vallecito', 'CA'),
(95252, 'Valley Springs', 'CA'),
(95254, 'Wallace', 'CA'),
(95255, 'West Point', 'CA'),
(95257, 'Wilseyville', 'CA'),
(95258, 'Woodbridge', 'CA'),
(95301, 'Atwater', 'CA'),
(95303, 'Ballico', 'CA'),
(95304, 'Tracy', 'CA'),
(95305, 'Big Oak Flat', 'CA'),
(95306, 'Catheys Valley', 'CA'),
(95307, 'Ceres', 'CA'),
(95310, 'Columbia', 'CA'),
(95311, 'Coulterville', 'CA'),
(95312, 'Cressey', 'CA'),
(95313, 'Crows Landing', 'CA'),
(95315, 'Delhi', 'CA'),
(95316, 'Denair', 'CA'),
(95317, 'El Nido', 'CA'),
(95318, 'El Portal', 'CA'),
(95319, 'Empire', 'CA'),
(95320, 'Escalon', 'CA'),
(95321, 'Groveland', 'CA'),
(95322, 'Gustine', 'CA'),
(95323, 'Hickman', 'CA'),
(95324, 'Hilmar', 'CA'),
(95325, 'Hornitos', 'CA'),
(95326, 'Hughson', 'CA'),
(95327, 'Jamestown', 'CA'),
(95328, 'Keyes', 'CA'),
(95329, 'La Grange', 'CA'),
(95330, 'Lathrop', 'CA'),
(95333, 'Le Grand', 'CA'),
(95334, 'Livingston', 'CA'),
(95335, 'Long Barn', 'CA'),
(95336, 'Manteca', 'CA'),
(95337, 'Manteca', 'CA'),
(95338, 'Mariposa', 'CA'),
(95340, 'Merced', 'CA'),
(95341, 'Merced', 'CA'),
(95345, 'Midpines', 'CA'),
(95346, 'Mi Wuk Village', 'CA'),
(95348, 'Merced', 'CA'),
(95350, 'Modesto', 'CA'),
(95351, 'Modesto', 'CA'),
(95354, 'Modesto', 'CA'),
(95355, 'Modesto', 'CA'),
(95356, 'Modesto', 'CA'),
(95357, 'Modesto', 'CA'),
(95358, 'Modesto', 'CA'),
(95360, 'Newman', 'CA'),
(95361, 'Oakdale', 'CA'),
(95363, 'Patterson', 'CA'),
(95364, 'Pinecrest', 'CA'),
(95365, 'Planada', 'CA'),
(95366, 'Ripon', 'CA'),
(95367, 'Riverbank', 'CA'),
(95368, 'Salida', 'CA'),
(95369, 'Snelling', 'CA'),
(95370, 'Sonora', 'CA'),
(95372, 'Soulsbyville', 'CA'),
(95374, 'Stevinson', 'CA'),
(95375, 'Strawberry', 'CA'),
(95376, 'Tracy', 'CA'),
(95377, 'Tracy', 'CA'),
(95379, 'Tuolumne', 'CA'),
(95380, 'Turlock', 'CA'),
(95382, 'Turlock', 'CA'),
(95383, 'Twain Harte', 'CA'),
(95385, 'Vernalis', 'CA'),
(95386, 'Waterford', 'CA'),
(95387, 'Westley', 'CA'),
(95388, 'Winton', 'CA'),
(95389, 'Yosemite National Park', 'CA'),
(95391, 'Tracy', 'CA'),
(95401, 'Santa Rosa', 'CA'),
(95403, 'Santa Rosa', 'CA'),
(95404, 'Santa Rosa', 'CA'),
(95405, 'Santa Rosa', 'CA'),
(95407, 'Santa Rosa', 'CA'),
(95409, 'Santa Rosa', 'CA'),
(95410, 'Albion', 'CA'),
(95412, 'Annapolis', 'CA'),
(95415, 'Boonville', 'CA'),
(95417, 'Branscomb', 'CA'),
(95420, 'Caspar', 'CA'),
(95421, 'Cazadero', 'CA'),
(95422, 'Clearlake', 'CA'),
(95423, 'Clearlake Oaks', 'CA'),
(95425, 'Cloverdale', 'CA'),
(95426, 'Cobb', 'CA'),
(95427, 'Comptche', 'CA'),
(95428, 'Covelo', 'CA'),
(95429, 'Dos Rios', 'CA'),
(95430, 'Duncans Mills', 'CA'),
(95431, 'Eldridge', 'CA'),
(95432, 'Elk', 'CA'),
(95435, 'Finley', 'CA'),
(95436, 'Forestville', 'CA'),
(95437, 'Fort Bragg', 'CA'),
(95439, 'Fulton', 'CA'),
(95441, 'Geyserville', 'CA'),
(95442, 'Glen Ellen', 'CA'),
(95443, 'Glenhaven', 'CA'),
(95444, 'Graton', 'CA'),
(95445, 'Gualala', 'CA'),
(95446, 'Guerneville', 'CA'),
(95448, 'Healdsburg', 'CA'),
(95449, 'Hopland', 'CA'),
(95450, 'Jenner', 'CA'),
(95451, 'Kelseyville', 'CA'),
(95452, 'Kenwood', 'CA'),
(95453, 'Lakeport', 'CA'),
(95454, 'Laytonville', 'CA'),
(95456, 'Little River', 'CA'),
(95457, 'Lower Lake', 'CA'),
(95458, 'Lucerne', 'CA'),
(95459, 'Manchester', 'CA'),
(95460, 'Mendocino', 'CA'),
(95461, 'Middletown', 'CA'),
(95462, 'Monte Rio', 'CA'),
(95463, 'Navarro', 'CA'),
(95464, 'Nice', 'CA'),
(95465, 'Occidental', 'CA'),
(95466, 'Philo', 'CA'),
(95467, 'Hidden Valley Lake', 'CA'),
(95468, 'Point Arena', 'CA'),
(95469, 'Potter Valley', 'CA'),
(95470, 'Redwood Valley', 'CA'),
(95471, 'Rio Nido', 'CA'),
(95472, 'Sebastopol', 'CA'),
(95476, 'Sonoma', 'CA'),
(95482, 'Ukiah', 'CA'),
(95485, 'Upper Lake', 'CA'),
(95486, 'Villa Grande', 'CA'),
(95488, 'Westport', 'CA'),
(95490, 'Willits', 'CA'),
(95492, 'Windsor', 'CA'),
(95493, 'Witter Springs', 'CA'),
(95494, 'Yorkville', 'CA'),
(95497, 'The Sea Ranch', 'CA'),
(95501, 'Eureka', 'CA'),
(95503, 'Eureka', 'CA'),
(95511, 'Alderpoint', 'CA'),
(95514, 'Blocksburg', 'CA'),
(95519, 'Mckinleyville', 'CA'),
(95521, 'Arcata', 'CA'),
(95524, 'Bayside', 'CA'),
(95525, 'Blue Lake', 'CA'),
(95526, 'Bridgeville', 'CA'),
(95527, 'Burnt Ranch', 'CA'),
(95528, 'Carlotta', 'CA'),
(95531, 'Crescent City', 'CA'),
(95536, 'Ferndale', 'CA'),
(95537, 'Fields Landing', 'CA'),
(95540, 'Fortuna', 'CA'),
(95542, 'Garberville', 'CA'),
(95543, 'Gasquet', 'CA'),
(95545, 'Honeydew', 'CA'),
(95546, 'Hoopa', 'CA'),
(95547, 'Hydesville', 'CA'),
(95548, 'Klamath', 'CA'),
(95549, 'Kneeland', 'CA'),
(95550, 'Korbel', 'CA'),
(95551, 'Loleta', 'CA'),
(95552, 'Mad River', 'CA'),
(95553, 'Miranda', 'CA'),
(95554, 'Myers Flat', 'CA'),
(95555, 'Orick', 'CA'),
(95556, 'Orleans', 'CA'),
(95558, 'Petrolia', 'CA'),
(95559, 'Phillipsville', 'CA'),
(95560, 'Redway', 'CA'),
(95562, 'Rio Dell', 'CA'),
(95563, 'Salyer', 'CA'),
(95564, 'Samoa', 'CA'),
(95565, 'Scotia', 'CA'),
(95567, 'Smith River', 'CA'),
(95568, 'Somes Bar', 'CA'),
(95569, 'Redcrest', 'CA'),
(95570, 'Trinidad', 'CA'),
(95571, 'Weott', 'CA'),
(95573, 'Willow Creek', 'CA'),
(95585, 'Leggett', 'CA'),
(95587, 'Piercy', 'CA'),
(95589, 'Whitethorn', 'CA'),
(95595, 'Zenia', 'CA'),
(95601, 'Amador City', 'CA'),
(95602, 'Auburn', 'CA'),
(95603, 'Auburn', 'CA'),
(95604, 'Auburn', 'CA'),
(95605, 'West Sacramento', 'CA'),
(95606, 'Brooks', 'CA'),
(95607, 'Capay', 'CA'),
(95608, 'Carmichael', 'CA'),
(95610, 'Citrus Heights', 'CA'),
(95612, 'Clarksburg', 'CA'),
(95614, 'Cool', 'CA'),
(95615, 'Courtland', 'CA'),
(95616, 'Davis', 'CA'),
(95618, 'Davis', 'CA'),
(95619, 'Diamond Springs', 'CA'),
(95620, 'Dixon', 'CA'),
(95621, 'Citrus Heights', 'CA'),
(95623, 'El Dorado', 'CA'),
(95624, 'Elk Grove', 'CA'),
(95625, 'Elmira', 'CA'),
(95626, 'Elverta', 'CA'),
(95627, 'Esparto', 'CA'),
(95628, 'Fair Oaks', 'CA'),
(95629, 'Fiddletown', 'CA'),
(95630, 'Folsom', 'CA'),
(95631, 'Foresthill', 'CA'),
(95632, 'Galt', 'CA'),
(95633, 'Garden Valley', 'CA'),
(95634, 'Georgetown', 'CA'),
(95635, 'Greenwood', 'CA'),
(95636, 'Grizzly Flats', 'CA'),
(95637, 'Guinda', 'CA'),
(95638, 'Herald', 'CA'),
(95639, 'Hood', 'CA'),
(95640, 'Ione', 'CA'),
(95641, 'Isleton', 'CA'),
(95642, 'Jackson', 'CA'),
(95645, 'Knights Landing', 'CA'),
(95646, 'Kirkwood', 'CA'),
(95648, 'Lincoln', 'CA'),
(95650, 'Loomis', 'CA'),
(95651, 'Lotus', 'CA'),
(95652, 'Mcclellan', 'CA'),
(95653, 'Madison', 'CA'),
(95655, 'Mather', 'CA'),
(95658, 'Newcastle', 'CA'),
(95659, 'Nicolaus', 'CA'),
(95660, 'North Highlands', 'CA'),
(95661, 'Roseville', 'CA'),
(95662, 'Orangevale', 'CA'),
(95663, 'Penryn', 'CA'),
(95664, 'Pilot Hill', 'CA'),
(95665, 'Pine Grove', 'CA'),
(95666, 'Pioneer', 'CA'),
(95667, 'Placerville', 'CA'),
(95668, 'Pleasant Grove', 'CA'),
(95669, 'Plymouth', 'CA'),
(95670, 'Rancho Cordova', 'CA'),
(95672, 'Rescue', 'CA'),
(95673, 'Rio Linda', 'CA'),
(95674, 'Rio Oso', 'CA'),
(95675, 'River Pines', 'CA'),
(95677, 'Rocklin', 'CA'),
(95678, 'Roseville', 'CA'),
(95679, 'Rumsey', 'CA'),
(95680, 'Ryde', 'CA'),
(95681, 'Sheridan', 'CA'),
(95682, 'Shingle Springs', 'CA'),
(95683, 'Sloughhouse', 'CA'),
(95684, 'Somerset', 'CA'),
(95685, 'Sutter Creek', 'CA'),
(95686, 'Thornton', 'CA'),
(95687, 'Vacaville', 'CA'),
(95688, 'Vacaville', 'CA'),
(95689, 'Volcano', 'CA'),
(95690, 'Walnut Grove', 'CA'),
(95691, 'West Sacramento', 'CA'),
(95692, 'Wheatland', 'CA'),
(95693, 'Wilton', 'CA'),
(95694, 'Winters', 'CA'),
(95695, 'Woodland', 'CA'),
(95697, 'Yolo', 'CA'),
(95698, 'Zamora', 'CA'),
(95699, 'Drytown', 'CA'),
(95701, 'Alta', 'CA'),
(95703, 'Applegate', 'CA'),
(95709, 'Camino', 'CA'),
(95713, 'Colfax', 'CA'),
(95714, 'Dutch Flat', 'CA'),
(95715, 'Emigrant Gap', 'CA'),
(95717, 'Gold Run', 'CA'),
(95720, 'Kyburz', 'CA'),
(95721, 'Echo Lake', 'CA'),
(95722, 'Meadow Vista', 'CA'),
(95724, 'Norden', 'CA'),
(95726, 'Pollock Pines', 'CA'),
(95728, 'Soda Springs', 'CA'),
(95735, 'Twin Bridges', 'CA'),
(95736, 'Weimar', 'CA'),
(95742, 'Rancho Cordova', 'CA'),
(95746, 'Granite Bay', 'CA'),
(95747, 'Roseville', 'CA'),
(95757, 'Elk Grove', 'CA'),
(95758, 'Elk Grove', 'CA'),
(95762, 'El Dorado Hills', 'CA'),
(95765, 'Rocklin', 'CA'),
(95776, 'Woodland', 'CA'),
(95811, 'Sacramento', 'CA'),
(95814, 'Sacramento', 'CA'),
(95815, 'Sacramento', 'CA'),
(95816, 'Sacramento', 'CA'),
(95817, 'Sacramento', 'CA'),
(95818, 'Sacramento', 'CA'),
(95819, 'Sacramento', 'CA'),
(95820, 'Sacramento', 'CA'),
(95821, 'Sacramento', 'CA'),
(95822, 'Sacramento', 'CA'),
(95823, 'Sacramento', 'CA'),
(95824, 'Sacramento', 'CA'),
(95825, 'Sacramento', 'CA'),
(95826, 'Sacramento', 'CA'),
(95827, 'Sacramento', 'CA'),
(95828, 'Sacramento', 'CA'),
(95829, 'Sacramento', 'CA'),
(95830, 'Sacramento', 'CA'),
(95831, 'Sacramento', 'CA'),
(95832, 'Sacramento', 'CA'),
(95833, 'Sacramento', 'CA'),
(95834, 'Sacramento', 'CA'),
(95835, 'Sacramento', 'CA'),
(95837, 'Sacramento', 'CA'),
(95838, 'Sacramento', 'CA'),
(95841, 'Sacramento', 'CA'),
(95842, 'Sacramento', 'CA'),
(95843, 'Antelope', 'CA'),
(95864, 'Sacramento', 'CA'),
(95901, 'Marysville', 'CA'),
(95903, 'Beale Afb', 'CA'),
(95910, 'Alleghany', 'CA'),
(95912, 'Arbuckle', 'CA'),
(95914, 'Bangor', 'CA'),
(95915, 'Belden', 'CA'),
(95916, 'Berry Creek', 'CA'),
(95917, 'Biggs', 'CA'),
(95918, 'Browns Valley', 'CA'),
(95919, 'Brownsville', 'CA'),
(95920, 'Butte City', 'CA'),
(95922, 'Camptonville', 'CA'),
(95923, 'Canyon Dam', 'CA'),
(95925, 'Challenge', 'CA'),
(95926, 'Chico', 'CA'),
(95928, 'Chico', 'CA'),
(95930, 'Clipper Mills', 'CA'),
(95932, 'Colusa', 'CA'),
(95934, 'Crescent Mills', 'CA'),
(95935, 'Dobbins', 'CA'),
(95936, 'Downieville', 'CA'),
(95937, 'Dunnigan', 'CA'),
(95938, 'Durham', 'CA'),
(95939, 'Elk Creek', 'CA'),
(95941, 'Forbestown', 'CA'),
(95942, 'Forest Ranch', 'CA'),
(95943, 'Glenn', 'CA'),
(95944, 'Goodyears Bar', 'CA'),
(95945, 'Grass Valley', 'CA'),
(95946, 'Penn Valley', 'CA'),
(95947, 'Greenville', 'CA'),
(95948, 'Gridley', 'CA'),
(95949, 'Grass Valley', 'CA'),
(95950, 'Grimes', 'CA'),
(95951, 'Hamilton City', 'CA'),
(95953, 'Live Oak', 'CA'),
(95954, 'Magalia', 'CA'),
(95955, 'Maxwell', 'CA'),
(95956, 'Meadow Valley', 'CA'),
(95957, 'Meridian', 'CA'),
(95959, 'Nevada City', 'CA'),
(95960, 'North San Juan', 'CA'),
(95961, 'Olivehurst', 'CA'),
(95962, 'Oregon House', 'CA'),
(95963, 'Orland', 'CA'),
(95965, 'Oroville', 'CA'),
(95966, 'Oroville', 'CA'),
(95968, 'Palermo', 'CA'),
(95969, 'Paradise', 'CA'),
(95970, 'Princeton', 'CA'),
(95971, 'Quincy', 'CA'),
(95973, 'Chico', 'CA'),
(95974, 'Richvale', 'CA'),
(95975, 'Rough And Ready', 'CA'),
(95977, 'Smartsville', 'CA'),
(95978, 'Stirling City', 'CA'),
(95979, 'Stonyford', 'CA'),
(95981, 'Strawberry Valley', 'CA'),
(95982, 'Sutter', 'CA'),
(95983, 'Taylorsville', 'CA'),
(95984, 'Twain', 'CA'),
(95986, 'Washington', 'CA'),
(95987, 'Williams', 'CA'),
(95988, 'Willows', 'CA'),
(95991, 'Yuba City', 'CA'),
(95993, 'Yuba City', 'CA'),
(96001, 'Redding', 'CA'),
(96002, 'Redding', 'CA'),
(96003, 'Redding', 'CA'),
(96006, 'Adin', 'CA'),
(96007, 'Anderson', 'CA'),
(96008, 'Bella Vista', 'CA'),
(96009, 'Bieber', 'CA'),
(96010, 'Big Bar', 'CA'),
(96011, 'Big Bend', 'CA'),
(96013, 'Burney', 'CA'),
(96014, 'Callahan', 'CA'),
(96015, 'Canby', 'CA'),
(96016, 'Cassel', 'CA'),
(96017, 'Castella', 'CA'),
(96019, 'Shasta Lake', 'CA'),
(96020, 'Chester', 'CA'),
(96021, 'Corning', 'CA'),
(96022, 'Cottonwood', 'CA'),
(96023, 'Dorris', 'CA'),
(96024, 'Douglas City', 'CA'),
(96025, 'Dunsmuir', 'CA'),
(96027, 'Etna', 'CA'),
(96028, 'Fall River Mills', 'CA'),
(96029, 'Flournoy', 'CA'),
(96031, 'Forks Of Salmon', 'CA'),
(96032, 'Fort Jones', 'CA'),
(96033, 'French Gulch', 'CA'),
(96034, 'Gazelle', 'CA'),
(96035, 'Gerber', 'CA'),
(96037, 'Greenview', 'CA'),
(96038, 'Grenada', 'CA'),
(96039, 'Happy Camp', 'CA'),
(96040, 'Hat Creek', 'CA'),
(96041, 'Hayfork', 'CA'),
(96044, 'Hornbrook', 'CA'),
(96046, 'Hyampom', 'CA'),
(96047, 'Igo', 'CA'),
(96048, 'Junction City', 'CA'),
(96049, 'Redding', 'CA'),
(96050, 'Klamath River', 'CA'),
(96051, 'Lakehead', 'CA'),
(96052, 'Lewiston', 'CA'),
(96054, 'Lookout', 'CA'),
(96055, 'Los Molinos', 'CA'),
(96056, 'Mcarthur', 'CA'),
(96057, 'Mccloud', 'CA'),
(96058, 'Macdoel', 'CA'),
(96059, 'Manton', 'CA'),
(96061, 'Mill Creek', 'CA'),
(96062, 'Millville', 'CA'),
(96063, 'Mineral', 'CA'),
(96064, 'Montague', 'CA'),
(96065, 'Montgomery Creek', 'CA'),
(96067, 'Mount Shasta', 'CA'),
(96068, 'Nubieber', 'CA'),
(96069, 'Oak Run', 'CA'),
(96071, 'Old Station', 'CA'),
(96073, 'Palo Cedro', 'CA'),
(96074, 'Paskenta', 'CA'),
(96075, 'Paynes Creek', 'CA'),
(96076, 'Platina', 'CA'),
(96080, 'Red Bluff', 'CA'),
(96084, 'Round Mountain', 'CA'),
(96085, 'Scott Bar', 'CA'),
(96086, 'Seiad Valley', 'CA'),
(96087, 'Shasta', 'CA'),
(96088, 'Shingletown', 'CA'),
(96090, 'Tehama', 'CA'),
(96091, 'Trinity Center', 'CA'),
(96092, 'Vina', 'CA'),
(96093, 'Weaverville', 'CA'),
(96094, 'Weed', 'CA'),
(96096, 'Whitmore', 'CA'),
(96097, 'Yreka', 'CA'),
(96101, 'Alturas', 'CA'),
(96103, 'Blairsden Graeagle', 'CA'),
(96104, 'Cedarville', 'CA'),
(96105, 'Chilcoot', 'CA'),
(96106, 'Clio', 'CA'),
(96107, 'Coleville', 'CA'),
(96108, 'Davis Creek', 'CA'),
(96109, 'Doyle', 'CA'),
(96110, 'Eagleville', 'CA'),
(96111, 'Floriston', 'CA'),
(96112, 'Fort Bidwell', 'CA'),
(96113, 'Herlong', 'CA'),
(96114, 'Janesville', 'CA'),
(96115, 'Lake City', 'CA'),
(96116, 'Likely', 'CA'),
(96117, 'Litchfield', 'CA'),
(96118, 'Loyalton', 'CA'),
(96119, 'Madeline', 'CA'),
(96120, 'Markleeville', 'CA'),
(96121, 'Milford', 'CA'),
(96122, 'Portola', 'CA'),
(96123, 'Ravendale', 'CA'),
(96124, 'Calpine', 'CA'),
(96125, 'Sierra City', 'CA'),
(96126, 'Sierraville', 'CA'),
(96128, 'Standish', 'CA'),
(96129, 'Beckwourth', 'CA'),
(96130, 'Susanville', 'CA'),
(96132, 'Termo', 'CA'),
(96133, 'Topaz', 'CA'),
(96134, 'Tulelake', 'CA'),
(96135, 'Vinton', 'CA'),
(96136, 'Wendel', 'CA'),
(96137, 'Westwood', 'CA'),
(96140, 'Carnelian Bay', 'CA'),
(96141, 'Homewood', 'CA'),
(96142, 'Tahoma', 'CA'),
(96143, 'Kings Beach', 'CA'),
(96145, 'Tahoe City', 'CA'),
(96146, 'Olympic Valley', 'CA'),
(96148, 'Tahoe Vista', 'CA'),
(96150, 'South Lake Tahoe', 'CA'),
(96155, 'South Lake Tahoe', 'CA'),
(96161, 'Truckee', 'CA'),
(96701, 'Aiea', 'HI'),
(96703, 'Anahola', 'HI'),
(96704, 'Captain Cook', 'HI'),
(96705, 'Eleele', 'HI'),
(96706, 'Ewa Beach', 'HI'),
(96707, 'Kapolei', 'HI'),
(96708, 'Haiku', 'HI'),
(96710, 'Hakalau', 'HI'),
(96712, 'Haleiwa', 'HI'),
(96713, 'Hana', 'HI'),
(96714, 'Hanalei', 'HI'),
(96716, 'Hanapepe', 'HI'),
(96717, 'Hauula', 'HI'),
(96719, 'Hawi', 'HI'),
(96720, 'Hilo', 'HI'),
(96722, 'Princeville', 'HI'),
(96725, 'Holualoa', 'HI'),
(96726, 'Honaunau', 'HI'),
(96727, 'Honokaa', 'HI'),
(96728, 'Honomu', 'HI'),
(96729, 'Hoolehua', 'HI'),
(96730, 'Kaaawa', 'HI'),
(96731, 'Kahuku', 'HI'),
(96732, 'Kahului', 'HI'),
(96734, 'Kailua', 'HI'),
(96737, 'Ocean View', 'HI'),
(96738, 'Waikoloa', 'HI'),
(96740, 'Kailua Kona', 'HI'),
(96741, 'Kalaheo', 'HI'),
(96742, 'Kalaupapa', 'HI'),
(96743, 'Kamuela', 'HI'),
(96744, 'Kaneohe', 'HI'),
(96746, 'Kapaa', 'HI'),
(96747, 'Kaumakani', 'HI'),
(96748, 'Kaunakakai', 'HI'),
(96749, 'Keaau', 'HI'),
(96750, 'Kealakekua', 'HI'),
(96751, 'Kealia', 'HI'),
(96752, 'Kekaha', 'HI'),
(96753, 'Kihei', 'HI'),
(96754, 'Kilauea', 'HI'),
(96755, 'Kapaau', 'HI'),
(96756, 'Koloa', 'HI'),
(96757, 'Kualapuu', 'HI'),
(96759, 'Kunia', 'HI'),
(96760, 'Kurtistown', 'HI'),
(96761, 'Lahaina', 'HI'),
(96762, 'Laie', 'HI'),
(96763, 'Lanai City', 'HI'),
(96764, 'Laupahoehoe', 'HI'),
(96765, 'Lawai', 'HI'),
(96766, 'Lihue', 'HI'),
(96768, 'Makawao', 'HI'),
(96769, 'Makaweli', 'HI'),
(96770, 'Maunaloa', 'HI'),
(96771, 'Mountain View', 'HI'),
(96772, 'Naalehu', 'HI'),
(96773, 'Ninole', 'HI'),
(96774, 'Ookala', 'HI'),
(96776, 'Paauilo', 'HI'),
(96777, 'Pahala', 'HI'),
(96778, 'Pahoa', 'HI'),
(96779, 'Paia', 'HI'),
(96780, 'Papaaloa', 'HI'),
(96781, 'Papaikou', 'HI'),
(96782, 'Pearl City', 'HI'),
(96783, 'Pepeekeo', 'HI'),
(96785, 'Volcano', 'HI'),
(96786, 'Wahiawa', 'HI'),
(96789, 'Mililani', 'HI'),
(96790, 'Kula', 'HI'),
(96791, 'Waialua', 'HI'),
(96792, 'Waianae', 'HI'),
(96793, 'Wailuku', 'HI'),
(96795, 'Waimanalo', 'HI'),
(96796, 'Waimea', 'HI'),
(96797, 'Waipahu', 'HI'),
(96813, 'Honolulu', 'HI'),
(96814, 'Honolulu', 'HI'),
(96815, 'Honolulu', 'HI'),
(96816, 'Honolulu', 'HI'),
(96817, 'Honolulu', 'HI'),
(96818, 'Honolulu', 'HI'),
(96819, 'Honolulu', 'HI'),
(96821, 'Honolulu', 'HI'),
(96822, 'Honolulu', 'HI'),
(96825, 'Honolulu', 'HI'),
(96826, 'Honolulu', 'HI'),
(96850, 'Honolulu', 'HI'),
(96853, 'Jbphh', 'HI'),
(96857, 'Schofield Barracks', 'HI'),
(96859, 'Tripler Army Medical Center', 'HI'),
(96860, 'Jbphh', 'HI'),
(96863, 'Mcbh Kaneohe Bay', 'HI'),
(97001, 'Antelope', 'OR'),
(97002, 'Aurora', 'OR'),
(97004, 'Beavercreek', 'OR'),
(97005, 'Beaverton', 'OR'),
(97006, 'Beaverton', 'OR'),
(97007, 'Beaverton', 'OR'),
(97008, 'Beaverton', 'OR'),
(97009, 'Boring', 'OR'),
(97011, 'Brightwood', 'OR'),
(97013, 'Canby', 'OR'),
(97014, 'Cascade Locks', 'OR'),
(97015, 'Clackamas', 'OR'),
(97016, 'Clatskanie', 'OR'),
(97017, 'Colton', 'OR'),
(97018, 'Columbia City', 'OR'),
(97019, 'Corbett', 'OR'),
(97020, 'Donald', 'OR'),
(97021, 'Dufur', 'OR'),
(97022, 'Eagle Creek', 'OR'),
(97023, 'Estacada', 'OR'),
(97024, 'Fairview', 'OR'),
(97026, 'Gervais', 'OR'),
(97027, 'Gladstone', 'OR'),
(97028, 'Government Camp', 'OR'),
(97029, 'Grass Valley', 'OR'),
(97030, 'Gresham', 'OR'),
(97031, 'Hood River', 'OR'),
(97032, 'Hubbard', 'OR'),
(97033, 'Kent', 'OR'),
(97034, 'Lake Oswego', 'OR'),
(97035, 'Lake Oswego', 'OR'),
(97037, 'Maupin', 'OR'),
(97038, 'Molalla', 'OR'),
(97039, 'Moro', 'OR'),
(97040, 'Mosier', 'OR'),
(97041, 'Mount Hood Parkdale', 'OR'),
(97042, 'Mulino', 'OR'),
(97045, 'Oregon City', 'OR'),
(97048, 'Rainier', 'OR'),
(97049, 'Rhododendron', 'OR'),
(97050, 'Rufus', 'OR'),
(97051, 'Saint Helens', 'OR'),
(97053, 'Warren', 'OR'),
(97054, 'Deer Island', 'OR'),
(97055, 'Sandy', 'OR'),
(97056, 'Scappoose', 'OR'),
(97057, 'Shaniko', 'OR'),
(97058, 'The Dalles', 'OR'),
(97060, 'Troutdale', 'OR'),
(97062, 'Tualatin', 'OR'),
(97063, 'Tygh Valley', 'OR'),
(97064, 'Vernonia', 'OR'),
(97065, 'Wasco', 'OR'),
(97067, 'Welches', 'OR'),
(97068, 'West Linn', 'OR'),
(97070, 'Wilsonville', 'OR'),
(97071, 'Woodburn', 'OR'),
(97080, 'Gresham', 'OR');
INSERT INTO `zipcodes` (`zipcode`, `city`, `state`) VALUES
(97086, 'Happy Valley', 'OR'),
(97089, 'Damascus', 'OR'),
(97101, 'Amity', 'OR'),
(97102, 'Arch Cape', 'OR'),
(97103, 'Astoria', 'OR'),
(97106, 'Banks', 'OR'),
(97107, 'Bay City', 'OR'),
(97108, 'Beaver', 'OR'),
(97109, 'Buxton', 'OR'),
(97110, 'Cannon Beach', 'OR'),
(97111, 'Carlton', 'OR'),
(97112, 'Cloverdale', 'OR'),
(97113, 'Cornelius', 'OR'),
(97114, 'Dayton', 'OR'),
(97115, 'Dundee', 'OR'),
(97116, 'Forest Grove', 'OR'),
(97117, 'Gales Creek', 'OR'),
(97118, 'Garibaldi', 'OR'),
(97119, 'Gaston', 'OR'),
(97121, 'Hammond', 'OR'),
(97122, 'Hebo', 'OR'),
(97123, 'Hillsboro', 'OR'),
(97124, 'Hillsboro', 'OR'),
(97125, 'Manning', 'OR'),
(97127, 'Lafayette', 'OR'),
(97128, 'Mcminnville', 'OR'),
(97130, 'Manzanita', 'OR'),
(97131, 'Nehalem', 'OR'),
(97132, 'Newberg', 'OR'),
(97133, 'North Plains', 'OR'),
(97134, 'Oceanside', 'OR'),
(97135, 'Pacific City', 'OR'),
(97136, 'Rockaway Beach', 'OR'),
(97137, 'Saint Paul', 'OR'),
(97138, 'Seaside', 'OR'),
(97140, 'Sherwood', 'OR'),
(97141, 'Tillamook', 'OR'),
(97144, 'Timber', 'OR'),
(97145, 'Tolovana Park', 'OR'),
(97146, 'Warrenton', 'OR'),
(97147, 'Wheeler', 'OR'),
(97148, 'Yamhill', 'OR'),
(97149, 'Neskowin', 'OR'),
(97201, 'Portland', 'OR'),
(97202, 'Portland', 'OR'),
(97203, 'Portland', 'OR'),
(97204, 'Portland', 'OR'),
(97205, 'Portland', 'OR'),
(97206, 'Portland', 'OR'),
(97208, 'Portland', 'OR'),
(97209, 'Portland', 'OR'),
(97210, 'Portland', 'OR'),
(97211, 'Portland', 'OR'),
(97212, 'Portland', 'OR'),
(97213, 'Portland', 'OR'),
(97214, 'Portland', 'OR'),
(97215, 'Portland', 'OR'),
(97216, 'Portland', 'OR'),
(97217, 'Portland', 'OR'),
(97218, 'Portland', 'OR'),
(97219, 'Portland', 'OR'),
(97220, 'Portland', 'OR'),
(97221, 'Portland', 'OR'),
(97222, 'Portland', 'OR'),
(97223, 'Portland', 'OR'),
(97224, 'Portland', 'OR'),
(97225, 'Portland', 'OR'),
(97227, 'Portland', 'OR'),
(97229, 'Portland', 'OR'),
(97230, 'Portland', 'OR'),
(97231, 'Portland', 'OR'),
(97232, 'Portland', 'OR'),
(97233, 'Portland', 'OR'),
(97236, 'Portland', 'OR'),
(97239, 'Portland', 'OR'),
(97266, 'Portland', 'OR'),
(97267, 'Portland', 'OR'),
(97301, 'Salem', 'OR'),
(97302, 'Salem', 'OR'),
(97303, 'Salem', 'OR'),
(97304, 'Salem', 'OR'),
(97305, 'Salem', 'OR'),
(97306, 'Salem', 'OR'),
(97317, 'Salem', 'OR'),
(97321, 'Albany', 'OR'),
(97322, 'Albany', 'OR'),
(97324, 'Alsea', 'OR'),
(97325, 'Aumsville', 'OR'),
(97326, 'Blodgett', 'OR'),
(97327, 'Brownsville', 'OR'),
(97329, 'Cascadia', 'OR'),
(97330, 'Corvallis', 'OR'),
(97331, 'Corvallis', 'OR'),
(97333, 'Corvallis', 'OR'),
(97338, 'Dallas', 'OR'),
(97341, 'Depoe Bay', 'OR'),
(97342, 'Detroit', 'OR'),
(97343, 'Eddyville', 'OR'),
(97344, 'Falls City', 'OR'),
(97345, 'Foster', 'OR'),
(97346, 'Gates', 'OR'),
(97347, 'Grand Ronde', 'OR'),
(97348, 'Halsey', 'OR'),
(97350, 'Idanha', 'OR'),
(97351, 'Independence', 'OR'),
(97352, 'Jefferson', 'OR'),
(97355, 'Lebanon', 'OR'),
(97357, 'Logsden', 'OR'),
(97358, 'Lyons', 'OR'),
(97360, 'Mill City', 'OR'),
(97361, 'Monmouth', 'OR'),
(97362, 'Mount Angel', 'OR'),
(97364, 'Neotsu', 'OR'),
(97365, 'Newport', 'OR'),
(97366, 'South Beach', 'OR'),
(97367, 'Lincoln City', 'OR'),
(97368, 'Otis', 'OR'),
(97369, 'Otter Rock', 'OR'),
(97370, 'Philomath', 'OR'),
(97371, 'Rickreall', 'OR'),
(97373, 'Saint Benedict', 'OR'),
(97374, 'Scio', 'OR'),
(97375, 'Scotts Mills', 'OR'),
(97376, 'Seal Rock', 'OR'),
(97377, 'Shedd', 'OR'),
(97378, 'Sheridan', 'OR'),
(97380, 'Siletz', 'OR'),
(97381, 'Silverton', 'OR'),
(97383, 'Stayton', 'OR'),
(97384, 'Mehama', 'OR'),
(97385, 'Sublimity', 'OR'),
(97386, 'Sweet Home', 'OR'),
(97388, 'Gleneden Beach', 'OR'),
(97389, 'Tangent', 'OR'),
(97390, 'Tidewater', 'OR'),
(97391, 'Toledo', 'OR'),
(97392, 'Turner', 'OR'),
(97394, 'Waldport', 'OR'),
(97396, 'Willamina', 'OR'),
(97401, 'Eugene', 'OR'),
(97402, 'Eugene', 'OR'),
(97403, 'Eugene', 'OR'),
(97404, 'Eugene', 'OR'),
(97405, 'Eugene', 'OR'),
(97406, 'Agness', 'OR'),
(97408, 'Eugene', 'OR'),
(97410, 'Azalea', 'OR'),
(97411, 'Bandon', 'OR'),
(97412, 'Blachly', 'OR'),
(97413, 'Blue River', 'OR'),
(97414, 'Broadbent', 'OR'),
(97415, 'Brookings', 'OR'),
(97416, 'Camas Valley', 'OR'),
(97417, 'Canyonville', 'OR'),
(97419, 'Cheshire', 'OR'),
(97420, 'Coos Bay', 'OR'),
(97423, 'Coquille', 'OR'),
(97424, 'Cottage Grove', 'OR'),
(97426, 'Creswell', 'OR'),
(97429, 'Days Creek', 'OR'),
(97430, 'Deadwood', 'OR'),
(97431, 'Dexter', 'OR'),
(97434, 'Dorena', 'OR'),
(97435, 'Drain', 'OR'),
(97436, 'Elkton', 'OR'),
(97437, 'Elmira', 'OR'),
(97438, 'Fall Creek', 'OR'),
(97439, 'Florence', 'OR'),
(97441, 'Gardiner', 'OR'),
(97442, 'Glendale', 'OR'),
(97443, 'Glide', 'OR'),
(97444, 'Gold Beach', 'OR'),
(97446, 'Harrisburg', 'OR'),
(97447, 'Idleyld Park', 'OR'),
(97448, 'Junction City', 'OR'),
(97449, 'Lakeside', 'OR'),
(97450, 'Langlois', 'OR'),
(97451, 'Lorane', 'OR'),
(97452, 'Lowell', 'OR'),
(97453, 'Mapleton', 'OR'),
(97454, 'Marcola', 'OR'),
(97455, 'Pleasant Hill', 'OR'),
(97456, 'Monroe', 'OR'),
(97457, 'Myrtle Creek', 'OR'),
(97458, 'Myrtle Point', 'OR'),
(97459, 'North Bend', 'OR'),
(97461, 'Noti', 'OR'),
(97462, 'Oakland', 'OR'),
(97463, 'Oakridge', 'OR'),
(97465, 'Port Orford', 'OR'),
(97466, 'Powers', 'OR'),
(97467, 'Reedsport', 'OR'),
(97469, 'Riddle', 'OR'),
(97470, 'Roseburg', 'OR'),
(97471, 'Roseburg', 'OR'),
(97473, 'Scottsburg', 'OR'),
(97476, 'Sixes', 'OR'),
(97477, 'Springfield', 'OR'),
(97478, 'Springfield', 'OR'),
(97479, 'Sutherlin', 'OR'),
(97480, 'Swisshome', 'OR'),
(97481, 'Tenmile', 'OR'),
(97484, 'Tiller', 'OR'),
(97486, 'Umpqua', 'OR'),
(97487, 'Veneta', 'OR'),
(97488, 'Vida', 'OR'),
(97489, 'Walterville', 'OR'),
(97490, 'Walton', 'OR'),
(97492, 'Westfir', 'OR'),
(97493, 'Westlake', 'OR'),
(97494, 'Wilbur', 'OR'),
(97495, 'Winchester', 'OR'),
(97496, 'Winston', 'OR'),
(97497, 'Wolf Creek', 'OR'),
(97498, 'Yachats', 'OR'),
(97499, 'Yoncalla', 'OR'),
(97501, 'Medford', 'OR'),
(97502, 'Central Point', 'OR'),
(97503, 'White City', 'OR'),
(97504, 'Medford', 'OR'),
(97520, 'Ashland', 'OR'),
(97522, 'Butte Falls', 'OR'),
(97523, 'Cave Junction', 'OR'),
(97524, 'Eagle Point', 'OR'),
(97525, 'Gold Hill', 'OR'),
(97526, 'Grants Pass', 'OR'),
(97527, 'Grants Pass', 'OR'),
(97530, 'Jacksonville', 'OR'),
(97531, 'Kerby', 'OR'),
(97532, 'Merlin', 'OR'),
(97534, 'O Brien', 'OR'),
(97535, 'Phoenix', 'OR'),
(97536, 'Prospect', 'OR'),
(97537, 'Rogue River', 'OR'),
(97538, 'Selma', 'OR'),
(97539, 'Shady Cove', 'OR'),
(97540, 'Talent', 'OR'),
(97541, 'Trail', 'OR'),
(97543, 'Wilderville', 'OR'),
(97544, 'Williams', 'OR'),
(97601, 'Klamath Falls', 'OR'),
(97603, 'Klamath Falls', 'OR'),
(97604, 'Crater Lake', 'OR'),
(97620, 'Adel', 'OR'),
(97621, 'Beatty', 'OR'),
(97622, 'Bly', 'OR'),
(97623, 'Bonanza', 'OR'),
(97624, 'Chiloquin', 'OR'),
(97625, 'Dairy', 'OR'),
(97626, 'Fort Klamath', 'OR'),
(97627, 'Keno', 'OR'),
(97630, 'Lakeview', 'OR'),
(97632, 'Malin', 'OR'),
(97633, 'Merrill', 'OR'),
(97634, 'Midland', 'OR'),
(97635, 'New Pine Creek', 'OR'),
(97636, 'Paisley', 'OR'),
(97637, 'Plush', 'OR'),
(97638, 'Silver Lake', 'OR'),
(97639, 'Sprague River', 'OR'),
(97640, 'Summer Lake', 'OR'),
(97641, 'Christmas Valley', 'OR'),
(97701, 'Bend', 'OR'),
(97702, 'Bend', 'OR'),
(97707, 'Bend', 'OR'),
(97710, 'Fields', 'OR'),
(97711, 'Ashwood', 'OR'),
(97712, 'Brothers', 'OR'),
(97720, 'Burns', 'OR'),
(97721, 'Princeton', 'OR'),
(97722, 'Diamond', 'OR'),
(97730, 'Camp Sherman', 'OR'),
(97731, 'Chemult', 'OR'),
(97732, 'Crane', 'OR'),
(97733, 'Crescent', 'OR'),
(97734, 'Culver', 'OR'),
(97735, 'Fort Rock', 'OR'),
(97736, 'Frenchglen', 'OR'),
(97737, 'Gilchrist', 'OR'),
(97738, 'Hines', 'OR'),
(97739, 'La Pine', 'OR'),
(97741, 'Madras', 'OR'),
(97750, 'Mitchell', 'OR'),
(97751, 'Paulina', 'OR'),
(97752, 'Post', 'OR'),
(97753, 'Powell Butte', 'OR'),
(97754, 'Prineville', 'OR'),
(97756, 'Redmond', 'OR'),
(97758, 'Riley', 'OR'),
(97759, 'Sisters', 'OR'),
(97760, 'Terrebonne', 'OR'),
(97761, 'Warm Springs', 'OR'),
(97801, 'Pendleton', 'OR'),
(97810, 'Adams', 'OR'),
(97812, 'Arlington', 'OR'),
(97813, 'Athena', 'OR'),
(97814, 'Baker City', 'OR'),
(97817, 'Bates', 'OR'),
(97818, 'Boardman', 'OR'),
(97819, 'Bridgeport', 'OR'),
(97820, 'Canyon City', 'OR'),
(97823, 'Condon', 'OR'),
(97824, 'Cove', 'OR'),
(97825, 'Dayville', 'OR'),
(97826, 'Echo', 'OR'),
(97827, 'Elgin', 'OR'),
(97828, 'Enterprise', 'OR'),
(97830, 'Fossil', 'OR'),
(97833, 'Haines', 'OR'),
(97834, 'Halfway', 'OR'),
(97835, 'Helix', 'OR'),
(97836, 'Heppner', 'OR'),
(97837, 'Hereford', 'OR'),
(97838, 'Hermiston', 'OR'),
(97839, 'Lexington', 'OR'),
(97840, 'Oxbow', 'OR'),
(97841, 'Imbler', 'OR'),
(97842, 'Imnaha', 'OR'),
(97843, 'Ione', 'OR'),
(97844, 'Irrigon', 'OR'),
(97845, 'John Day', 'OR'),
(97846, 'Joseph', 'OR'),
(97848, 'Kimberly', 'OR'),
(97850, 'La Grande', 'OR'),
(97856, 'Long Creek', 'OR'),
(97857, 'Lostine', 'OR'),
(97859, 'Meacham', 'OR'),
(97862, 'Milton Freewater', 'OR'),
(97864, 'Monument', 'OR'),
(97865, 'Mount Vernon', 'OR'),
(97867, 'North Powder', 'OR'),
(97868, 'Pilot Rock', 'OR'),
(97869, 'Prairie City', 'OR'),
(97870, 'Richland', 'OR'),
(97873, 'Seneca', 'OR'),
(97874, 'Spray', 'OR'),
(97875, 'Stanfield', 'OR'),
(97876, 'Summerville', 'OR'),
(97877, 'Sumpter', 'OR'),
(97880, 'Ukiah', 'OR'),
(97882, 'Umatilla', 'OR'),
(97883, 'Union', 'OR'),
(97884, 'Unity', 'OR'),
(97885, 'Wallowa', 'OR'),
(97886, 'Weston', 'OR'),
(97901, 'Adrian', 'OR'),
(97903, 'Brogan', 'OR'),
(97904, 'Drewsey', 'OR'),
(97905, 'Durkee', 'OR'),
(97906, 'Harper', 'OR'),
(97907, 'Huntington', 'OR'),
(97908, 'Ironside', 'OR'),
(97909, 'Jamieson', 'OR'),
(97910, 'Jordan Valley', 'OR'),
(97911, 'Juntura', 'OR'),
(97913, 'Nyssa', 'OR'),
(97914, 'Ontario', 'OR'),
(97918, 'Vale', 'OR'),
(97920, 'Westfall', 'OR'),
(98001, 'Auburn', 'WA'),
(98002, 'Auburn', 'WA'),
(98003, 'Federal Way', 'WA'),
(98004, 'Bellevue', 'WA'),
(98005, 'Bellevue', 'WA'),
(98006, 'Bellevue', 'WA'),
(98007, 'Bellevue', 'WA'),
(98008, 'Bellevue', 'WA'),
(98010, 'Black Diamond', 'WA'),
(98011, 'Bothell', 'WA'),
(98012, 'Bothell', 'WA'),
(98014, 'Carnation', 'WA'),
(98019, 'Duvall', 'WA'),
(98020, 'Edmonds', 'WA'),
(98021, 'Bothell', 'WA'),
(98022, 'Enumclaw', 'WA'),
(98023, 'Federal Way', 'WA'),
(98024, 'Fall City', 'WA'),
(98026, 'Edmonds', 'WA'),
(98027, 'Issaquah', 'WA'),
(98028, 'Kenmore', 'WA'),
(98029, 'Issaquah', 'WA'),
(98030, 'Kent', 'WA'),
(98031, 'Kent', 'WA'),
(98032, 'Kent', 'WA'),
(98033, 'Kirkland', 'WA'),
(98034, 'Kirkland', 'WA'),
(98036, 'Lynnwood', 'WA'),
(98037, 'Lynnwood', 'WA'),
(98038, 'Maple Valley', 'WA'),
(98039, 'Medina', 'WA'),
(98040, 'Mercer Island', 'WA'),
(98042, 'Kent', 'WA'),
(98043, 'Mountlake Terrace', 'WA'),
(98045, 'North Bend', 'WA'),
(98047, 'Pacific', 'WA'),
(98050, 'Preston', 'WA'),
(98051, 'Ravensdale', 'WA'),
(98052, 'Redmond', 'WA'),
(98053, 'Redmond', 'WA'),
(98055, 'Renton', 'WA'),
(98056, 'Renton', 'WA'),
(98057, 'Renton', 'WA'),
(98058, 'Renton', 'WA'),
(98059, 'Renton', 'WA'),
(98065, 'Snoqualmie', 'WA'),
(98068, 'Snoqualmie Pass', 'WA'),
(98070, 'Vashon', 'WA'),
(98072, 'Woodinville', 'WA'),
(98074, 'Sammamish', 'WA'),
(98075, 'Sammamish', 'WA'),
(98077, 'Woodinville', 'WA'),
(98087, 'Lynnwood', 'WA'),
(98092, 'Auburn', 'WA'),
(98101, 'Seattle', 'WA'),
(98102, 'Seattle', 'WA'),
(98103, 'Seattle', 'WA'),
(98104, 'Seattle', 'WA'),
(98105, 'Seattle', 'WA'),
(98106, 'Seattle', 'WA'),
(98107, 'Seattle', 'WA'),
(98108, 'Seattle', 'WA'),
(98109, 'Seattle', 'WA'),
(98110, 'Bainbridge Island', 'WA'),
(98112, 'Seattle', 'WA'),
(98115, 'Seattle', 'WA'),
(98116, 'Seattle', 'WA'),
(98117, 'Seattle', 'WA'),
(98118, 'Seattle', 'WA'),
(98119, 'Seattle', 'WA'),
(98121, 'Seattle', 'WA'),
(98122, 'Seattle', 'WA'),
(98125, 'Seattle', 'WA'),
(98126, 'Seattle', 'WA'),
(98133, 'Seattle', 'WA'),
(98134, 'Seattle', 'WA'),
(98136, 'Seattle', 'WA'),
(98144, 'Seattle', 'WA'),
(98146, 'Seattle', 'WA'),
(98148, 'Seattle', 'WA'),
(98154, 'Seattle', 'WA'),
(98155, 'Seattle', 'WA'),
(98158, 'Seattle', 'WA'),
(98164, 'Seattle', 'WA'),
(98166, 'Seattle', 'WA'),
(98168, 'Seattle', 'WA'),
(98174, 'Seattle', 'WA'),
(98177, 'Seattle', 'WA'),
(98178, 'Seattle', 'WA'),
(98188, 'Seattle', 'WA'),
(98195, 'Seattle', 'WA'),
(98198, 'Seattle', 'WA'),
(98199, 'Seattle', 'WA'),
(98201, 'Everett', 'WA'),
(98203, 'Everett', 'WA'),
(98204, 'Everett', 'WA'),
(98207, 'Everett', 'WA'),
(98208, 'Everett', 'WA'),
(98220, 'Acme', 'WA'),
(98221, 'Anacortes', 'WA'),
(98222, 'Blakely Island', 'WA'),
(98223, 'Arlington', 'WA'),
(98224, 'Baring', 'WA'),
(98225, 'Bellingham', 'WA'),
(98226, 'Bellingham', 'WA'),
(98229, 'Bellingham', 'WA'),
(98230, 'Blaine', 'WA'),
(98232, 'Bow', 'WA'),
(98233, 'Burlington', 'WA'),
(98235, 'Clearlake', 'WA'),
(98236, 'Clinton', 'WA'),
(98237, 'Concrete', 'WA'),
(98238, 'Conway', 'WA'),
(98239, 'Coupeville', 'WA'),
(98240, 'Custer', 'WA'),
(98241, 'Darrington', 'WA'),
(98243, 'Deer Harbor', 'WA'),
(98244, 'Deming', 'WA'),
(98245, 'Eastsound', 'WA'),
(98247, 'Everson', 'WA'),
(98248, 'Ferndale', 'WA'),
(98249, 'Freeland', 'WA'),
(98250, 'Friday Harbor', 'WA'),
(98251, 'Gold Bar', 'WA'),
(98252, 'Granite Falls', 'WA'),
(98253, 'Greenbank', 'WA'),
(98255, 'Hamilton', 'WA'),
(98256, 'Index', 'WA'),
(98257, 'La Conner', 'WA'),
(98258, 'Lake Stevens', 'WA'),
(98260, 'Langley', 'WA'),
(98261, 'Lopez Island', 'WA'),
(98262, 'Lummi Island', 'WA'),
(98263, 'Lyman', 'WA'),
(98264, 'Lynden', 'WA'),
(98266, 'Maple Falls', 'WA'),
(98267, 'Marblemount', 'WA'),
(98270, 'Marysville', 'WA'),
(98271, 'Marysville', 'WA'),
(98272, 'Monroe', 'WA'),
(98273, 'Mount Vernon', 'WA'),
(98274, 'Mount Vernon', 'WA'),
(98275, 'Mukilteo', 'WA'),
(98276, 'Nooksack', 'WA'),
(98277, 'Oak Harbor', 'WA'),
(98278, 'Oak Harbor', 'WA'),
(98279, 'Olga', 'WA'),
(98280, 'Orcas', 'WA'),
(98281, 'Point Roberts', 'WA'),
(98282, 'Camano Island', 'WA'),
(98283, 'Rockport', 'WA'),
(98284, 'Sedro Woolley', 'WA'),
(98286, 'Shaw Island', 'WA'),
(98288, 'Skykomish', 'WA'),
(98290, 'Snohomish', 'WA'),
(98292, 'Stanwood', 'WA'),
(98294, 'Sultan', 'WA'),
(98295, 'Sumas', 'WA'),
(98296, 'Snohomish', 'WA'),
(98297, 'Waldron', 'WA'),
(98303, 'Anderson Island', 'WA'),
(98304, 'Ashford', 'WA'),
(98305, 'Beaver', 'WA'),
(98310, 'Bremerton', 'WA'),
(98311, 'Bremerton', 'WA'),
(98312, 'Bremerton', 'WA'),
(98314, 'Bremerton', 'WA'),
(98315, 'Silverdale', 'WA'),
(98320, 'Brinnon', 'WA'),
(98321, 'Buckley', 'WA'),
(98323, 'Carbonado', 'WA'),
(98325, 'Chimacum', 'WA'),
(98326, 'Clallam Bay', 'WA'),
(98327, 'Dupont', 'WA'),
(98328, 'Eatonville', 'WA'),
(98329, 'Gig Harbor', 'WA'),
(98330, 'Elbe', 'WA'),
(98331, 'Forks', 'WA'),
(98332, 'Gig Harbor', 'WA'),
(98333, 'Fox Island', 'WA'),
(98335, 'Gig Harbor', 'WA'),
(98336, 'Glenoma', 'WA'),
(98337, 'Bremerton', 'WA'),
(98338, 'Graham', 'WA'),
(98339, 'Port Hadlock', 'WA'),
(98340, 'Hansville', 'WA'),
(98342, 'Indianola', 'WA'),
(98345, 'Keyport', 'WA'),
(98346, 'Kingston', 'WA'),
(98349, 'Lakebay', 'WA'),
(98350, 'La Push', 'WA'),
(98351, 'Longbranch', 'WA'),
(98353, 'Manchester', 'WA'),
(98354, 'Milton', 'WA'),
(98355, 'Mineral', 'WA'),
(98356, 'Morton', 'WA'),
(98357, 'Neah Bay', 'WA'),
(98358, 'Nordland', 'WA'),
(98359, 'Olalla', 'WA'),
(98360, 'Orting', 'WA'),
(98361, 'Packwood', 'WA'),
(98362, 'Port Angeles', 'WA'),
(98363, 'Port Angeles', 'WA'),
(98364, 'Port Gamble', 'WA'),
(98365, 'Port Ludlow', 'WA'),
(98366, 'Port Orchard', 'WA'),
(98367, 'Port Orchard', 'WA'),
(98368, 'Port Townsend', 'WA'),
(98370, 'Poulsbo', 'WA'),
(98371, 'Puyallup', 'WA'),
(98372, 'Puyallup', 'WA'),
(98373, 'Puyallup', 'WA'),
(98374, 'Puyallup', 'WA'),
(98375, 'Puyallup', 'WA'),
(98376, 'Quilcene', 'WA'),
(98377, 'Randle', 'WA'),
(98380, 'Seabeck', 'WA'),
(98381, 'Sekiu', 'WA'),
(98382, 'Sequim', 'WA'),
(98383, 'Silverdale', 'WA'),
(98385, 'South Prairie', 'WA'),
(98387, 'Spanaway', 'WA'),
(98388, 'Steilacoom', 'WA'),
(98390, 'Sumner', 'WA'),
(98391, 'Bonney Lake', 'WA'),
(98392, 'Suquamish', 'WA'),
(98394, 'Vaughn', 'WA'),
(98396, 'Wilkeson', 'WA'),
(98402, 'Tacoma', 'WA'),
(98403, 'Tacoma', 'WA'),
(98404, 'Tacoma', 'WA'),
(98405, 'Tacoma', 'WA'),
(98406, 'Tacoma', 'WA'),
(98407, 'Tacoma', 'WA'),
(98408, 'Tacoma', 'WA'),
(98409, 'Tacoma', 'WA'),
(98416, 'Tacoma', 'WA'),
(98418, 'Tacoma', 'WA'),
(98421, 'Tacoma', 'WA'),
(98422, 'Tacoma', 'WA'),
(98424, 'Tacoma', 'WA'),
(98430, 'Camp Murray', 'WA'),
(98433, 'Tacoma', 'WA'),
(98438, 'Mcchord Afb', 'WA'),
(98439, 'Lakewood', 'WA'),
(98443, 'Tacoma', 'WA'),
(98444, 'Tacoma', 'WA'),
(98445, 'Tacoma', 'WA'),
(98446, 'Tacoma', 'WA'),
(98447, 'Tacoma', 'WA'),
(98465, 'Tacoma', 'WA'),
(98466, 'Tacoma', 'WA'),
(98467, 'University Place', 'WA'),
(98498, 'Lakewood', 'WA'),
(98499, 'Lakewood', 'WA'),
(98501, 'Olympia', 'WA'),
(98502, 'Olympia', 'WA'),
(98503, 'Lacey', 'WA'),
(98506, 'Olympia', 'WA'),
(98512, 'Olympia', 'WA'),
(98513, 'Olympia', 'WA'),
(98516, 'Olympia', 'WA'),
(98520, 'Aberdeen', 'WA'),
(98524, 'Allyn', 'WA'),
(98526, 'Amanda Park', 'WA'),
(98527, 'Bay Center', 'WA'),
(98528, 'Belfair', 'WA'),
(98530, 'Bucoda', 'WA'),
(98531, 'Centralia', 'WA'),
(98532, 'Chehalis', 'WA'),
(98533, 'Cinebar', 'WA'),
(98535, 'Copalis Beach', 'WA'),
(98536, 'Copalis Crossing', 'WA'),
(98537, 'Cosmopolis', 'WA'),
(98538, 'Curtis', 'WA'),
(98541, 'Elma', 'WA'),
(98542, 'Ethel', 'WA'),
(98544, 'Galvin', 'WA'),
(98546, 'Grapeview', 'WA'),
(98547, 'Grayland', 'WA'),
(98548, 'Hoodsport', 'WA'),
(98550, 'Hoquiam', 'WA'),
(98552, 'Humptulips', 'WA'),
(98555, 'Lilliwaup', 'WA'),
(98557, 'Mccleary', 'WA'),
(98558, 'Mckenna', 'WA'),
(98559, 'Malone', 'WA'),
(98560, 'Matlock', 'WA'),
(98562, 'Moclips', 'WA'),
(98563, 'Montesano', 'WA'),
(98564, 'Mossyrock', 'WA'),
(98565, 'Napavine', 'WA'),
(98568, 'Oakville', 'WA'),
(98569, 'Ocean Shores', 'WA'),
(98570, 'Onalaska', 'WA'),
(98571, 'Pacific Beach', 'WA'),
(98572, 'Pe Ell', 'WA'),
(98575, 'Quinault', 'WA'),
(98576, 'Rainier', 'WA'),
(98577, 'Raymond', 'WA'),
(98579, 'Rochester', 'WA'),
(98580, 'Roy', 'WA'),
(98581, 'Ryderwood', 'WA'),
(98582, 'Salkum', 'WA'),
(98583, 'Satsop', 'WA'),
(98584, 'Shelton', 'WA'),
(98585, 'Silver Creek', 'WA'),
(98586, 'South Bend', 'WA'),
(98587, 'Taholah', 'WA'),
(98588, 'Tahuya', 'WA'),
(98589, 'Tenino', 'WA'),
(98590, 'Tokeland', 'WA'),
(98591, 'Toledo', 'WA'),
(98592, 'Union', 'WA'),
(98593, 'Vader', 'WA'),
(98595, 'Westport', 'WA'),
(98596, 'Winlock', 'WA'),
(98597, 'Yelm', 'WA'),
(98601, 'Amboy', 'WA'),
(98602, 'Appleton', 'WA'),
(98603, 'Ariel', 'WA'),
(98604, 'Battle Ground', 'WA'),
(98605, 'Bingen', 'WA'),
(98606, 'Brush Prairie', 'WA'),
(98607, 'Camas', 'WA'),
(98610, 'Carson', 'WA'),
(98611, 'Castle Rock', 'WA'),
(98612, 'Cathlamet', 'WA'),
(98613, 'Centerville', 'WA'),
(98614, 'Chinook', 'WA'),
(98616, 'Cougar', 'WA'),
(98617, 'Dallesport', 'WA'),
(98619, 'Glenwood', 'WA'),
(98620, 'Goldendale', 'WA'),
(98621, 'Grays River', 'WA'),
(98624, 'Ilwaco', 'WA'),
(98625, 'Kalama', 'WA'),
(98626, 'Kelso', 'WA'),
(98628, 'Klickitat', 'WA'),
(98629, 'La Center', 'WA'),
(98631, 'Long Beach', 'WA'),
(98632, 'Longview', 'WA'),
(98635, 'Lyle', 'WA'),
(98638, 'Naselle', 'WA'),
(98639, 'North Bonneville', 'WA'),
(98640, 'Ocean Park', 'WA'),
(98641, 'Oysterville', 'WA'),
(98642, 'Ridgefield', 'WA'),
(98643, 'Rosburg', 'WA'),
(98644, 'Seaview', 'WA'),
(98645, 'Silverlake', 'WA'),
(98647, 'Skamokawa', 'WA'),
(98648, 'Stevenson', 'WA'),
(98649, 'Toutle', 'WA'),
(98650, 'Trout Lake', 'WA'),
(98651, 'Underwood', 'WA'),
(98660, 'Vancouver', 'WA'),
(98661, 'Vancouver', 'WA'),
(98662, 'Vancouver', 'WA'),
(98663, 'Vancouver', 'WA'),
(98664, 'Vancouver', 'WA'),
(98665, 'Vancouver', 'WA'),
(98670, 'Wahkiacus', 'WA'),
(98671, 'Washougal', 'WA'),
(98672, 'White Salmon', 'WA'),
(98673, 'Wishram', 'WA'),
(98674, 'Woodland', 'WA'),
(98675, 'Yacolt', 'WA'),
(98682, 'Vancouver', 'WA'),
(98683, 'Vancouver', 'WA'),
(98684, 'Vancouver', 'WA'),
(98685, 'Vancouver', 'WA'),
(98686, 'Vancouver', 'WA'),
(98801, 'Wenatchee', 'WA'),
(98802, 'East Wenatchee', 'WA'),
(98811, 'Ardenvoir', 'WA'),
(98812, 'Brewster', 'WA'),
(98813, 'Bridgeport', 'WA'),
(98814, 'Carlton', 'WA'),
(98815, 'Cashmere', 'WA'),
(98816, 'Chelan', 'WA'),
(98817, 'Chelan Falls', 'WA'),
(98819, 'Conconully', 'WA'),
(98821, 'Dryden', 'WA'),
(98822, 'Entiat', 'WA'),
(98823, 'Ephrata', 'WA'),
(98824, 'George', 'WA'),
(98826, 'Leavenworth', 'WA'),
(98827, 'Loomis', 'WA'),
(98828, 'Malaga', 'WA'),
(98829, 'Malott', 'WA'),
(98830, 'Mansfield', 'WA'),
(98831, 'Manson', 'WA'),
(98832, 'Marlin', 'WA'),
(98833, 'Mazama', 'WA'),
(98834, 'Methow', 'WA'),
(98836, 'Monitor', 'WA'),
(98837, 'Moses Lake', 'WA'),
(98840, 'Okanogan', 'WA'),
(98841, 'Omak', 'WA'),
(98843, 'Orondo', 'WA'),
(98844, 'Oroville', 'WA'),
(98845, 'Palisades', 'WA'),
(98846, 'Pateros', 'WA'),
(98847, 'Peshastin', 'WA'),
(98848, 'Quincy', 'WA'),
(98849, 'Riverside', 'WA'),
(98850, 'Rock Island', 'WA'),
(98851, 'Soap Lake', 'WA'),
(98852, 'Stehekin', 'WA'),
(98853, 'Stratford', 'WA'),
(98855, 'Tonasket', 'WA'),
(98856, 'Twisp', 'WA'),
(98857, 'Warden', 'WA'),
(98858, 'Waterville', 'WA'),
(98859, 'Wauconda', 'WA'),
(98860, 'Wilson Creek', 'WA'),
(98862, 'Winthrop', 'WA'),
(98901, 'Yakima', 'WA'),
(98902, 'Yakima', 'WA'),
(98903, 'Yakima', 'WA'),
(98908, 'Yakima', 'WA'),
(98921, 'Buena', 'WA'),
(98922, 'Cle Elum', 'WA'),
(98923, 'Cowiche', 'WA'),
(98925, 'Easton', 'WA'),
(98926, 'Ellensburg', 'WA'),
(98930, 'Grandview', 'WA'),
(98932, 'Granger', 'WA'),
(98933, 'Harrah', 'WA'),
(98934, 'Kittitas', 'WA'),
(98935, 'Mabton', 'WA'),
(98936, 'Moxee', 'WA'),
(98937, 'Naches', 'WA'),
(98938, 'Outlook', 'WA'),
(98939, 'Parker', 'WA'),
(98940, 'Ronald', 'WA'),
(98941, 'Roslyn', 'WA'),
(98942, 'Selah', 'WA'),
(98943, 'South Cle Elum', 'WA'),
(98944, 'Sunnyside', 'WA'),
(98946, 'Thorp', 'WA'),
(98947, 'Tieton', 'WA'),
(98948, 'Toppenish', 'WA'),
(98950, 'Vantage', 'WA'),
(98951, 'Wapato', 'WA'),
(98952, 'White Swan', 'WA'),
(98953, 'Zillah', 'WA'),
(99001, 'Airway Heights', 'WA'),
(99003, 'Chattaroy', 'WA'),
(99004, 'Cheney', 'WA'),
(99005, 'Colbert', 'WA'),
(99006, 'Deer Park', 'WA'),
(99008, 'Edwall', 'WA'),
(99009, 'Elk', 'WA'),
(99011, 'Fairchild Air Force Base', 'WA'),
(99012, 'Fairfield', 'WA'),
(99013, 'Ford', 'WA'),
(99016, 'Greenacres', 'WA'),
(99017, 'Lamont', 'WA'),
(99018, 'Latah', 'WA'),
(99019, 'Liberty Lake', 'WA'),
(99020, 'Marshall', 'WA'),
(99021, 'Mead', 'WA'),
(99022, 'Medical Lake', 'WA'),
(99023, 'Mica', 'WA'),
(99025, 'Newman Lake', 'WA'),
(99026, 'Nine Mile Falls', 'WA'),
(99027, 'Otis Orchards', 'WA'),
(99029, 'Reardan', 'WA'),
(99030, 'Rockford', 'WA'),
(99031, 'Spangle', 'WA'),
(99032, 'Sprague', 'WA'),
(99033, 'Tekoa', 'WA'),
(99034, 'Tumtum', 'WA'),
(99036, 'Valleyford', 'WA'),
(99037, 'Veradale', 'WA'),
(99039, 'Waverly', 'WA'),
(99040, 'Wellpinit', 'WA'),
(99101, 'Addy', 'WA'),
(99102, 'Albion', 'WA'),
(99103, 'Almira', 'WA'),
(99105, 'Benge', 'WA'),
(99109, 'Chewelah', 'WA'),
(99110, 'Clayton', 'WA'),
(99111, 'Colfax', 'WA'),
(99113, 'Colton', 'WA'),
(99114, 'Colville', 'WA'),
(99115, 'Coulee City', 'WA'),
(99116, 'Coulee Dam', 'WA'),
(99117, 'Creston', 'WA'),
(99118, 'Curlew', 'WA'),
(99119, 'Cusick', 'WA'),
(99121, 'Danville', 'WA'),
(99122, 'Davenport', 'WA'),
(99123, 'Electric City', 'WA'),
(99124, 'Elmer City', 'WA'),
(99125, 'Endicott', 'WA'),
(99126, 'Evans', 'WA'),
(99128, 'Farmington', 'WA'),
(99129, 'Fruitland', 'WA'),
(99130, 'Garfield', 'WA'),
(99131, 'Gifford', 'WA'),
(99133, 'Grand Coulee', 'WA'),
(99134, 'Harrington', 'WA'),
(99135, 'Hartline', 'WA'),
(99136, 'Hay', 'WA'),
(99137, 'Hunters', 'WA'),
(99138, 'Inchelium', 'WA'),
(99139, 'Ione', 'WA'),
(99140, 'Keller', 'WA'),
(99141, 'Kettle Falls', 'WA'),
(99143, 'Lacrosse', 'WA'),
(99144, 'Lamona', 'WA'),
(99146, 'Laurier', 'WA'),
(99147, 'Lincoln', 'WA'),
(99148, 'Loon Lake', 'WA'),
(99149, 'Malden', 'WA'),
(99150, 'Malo', 'WA'),
(99151, 'Marcus', 'WA'),
(99152, 'Metaline', 'WA'),
(99153, 'Metaline Falls', 'WA'),
(99154, 'Mohler', 'WA'),
(99155, 'Nespelem', 'WA'),
(99156, 'Newport', 'WA'),
(99157, 'Northport', 'WA'),
(99158, 'Oakesdale', 'WA'),
(99159, 'Odessa', 'WA'),
(99160, 'Orient', 'WA'),
(99161, 'Palouse', 'WA'),
(99163, 'Pullman', 'WA'),
(99164, 'Pullman', 'WA'),
(99166, 'Republic', 'WA'),
(99167, 'Rice', 'WA'),
(99169, 'Ritzville', 'WA'),
(99170, 'Rosalia', 'WA'),
(99171, 'Saint John', 'WA'),
(99173, 'Springdale', 'WA'),
(99174, 'Steptoe', 'WA'),
(99176, 'Thornton', 'WA'),
(99179, 'Uniontown', 'WA'),
(99180, 'Usk', 'WA'),
(99181, 'Valley', 'WA'),
(99185, 'Wilbur', 'WA'),
(99201, 'Spokane', 'WA'),
(99202, 'Spokane', 'WA'),
(99203, 'Spokane', 'WA'),
(99204, 'Spokane', 'WA'),
(99205, 'Spokane', 'WA'),
(99206, 'Spokane', 'WA'),
(99207, 'Spokane', 'WA'),
(99208, 'Spokane', 'WA'),
(99212, 'Spokane', 'WA'),
(99216, 'Spokane', 'WA'),
(99217, 'Spokane', 'WA'),
(99218, 'Spokane', 'WA'),
(99223, 'Spokane', 'WA'),
(99224, 'Spokane', 'WA'),
(99301, 'Pasco', 'WA'),
(99320, 'Benton City', 'WA'),
(99321, 'Beverly', 'WA'),
(99322, 'Bickleton', 'WA'),
(99323, 'Burbank', 'WA'),
(99324, 'College Place', 'WA'),
(99326, 'Connell', 'WA'),
(99328, 'Dayton', 'WA'),
(99329, 'Dixie', 'WA'),
(99330, 'Eltopia', 'WA'),
(99333, 'Hooper', 'WA'),
(99335, 'Kahlotus', 'WA'),
(99336, 'Kennewick', 'WA'),
(99337, 'Kennewick', 'WA'),
(99338, 'Kennewick', 'WA'),
(99341, 'Lind', 'WA'),
(99343, 'Mesa', 'WA'),
(99344, 'Othello', 'WA'),
(99345, 'Paterson', 'WA'),
(99346, 'Plymouth', 'WA'),
(99347, 'Pomeroy', 'WA'),
(99348, 'Prescott', 'WA'),
(99349, 'Mattawa', 'WA'),
(99350, 'Prosser', 'WA'),
(99352, 'Richland', 'WA'),
(99353, 'West Richland', 'WA'),
(99354, 'Richland', 'WA'),
(99356, 'Roosevelt', 'WA'),
(99357, 'Royal City', 'WA'),
(99359, 'Starbuck', 'WA'),
(99360, 'Touchet', 'WA'),
(99361, 'Waitsburg', 'WA'),
(99362, 'Walla Walla', 'WA'),
(99363, 'Wallula', 'WA'),
(99371, 'Washtucna', 'WA'),
(99401, 'Anatone', 'WA'),
(99402, 'Asotin', 'WA'),
(99403, 'Clarkston', 'WA'),
(99501, 'Anchorage', 'AK'),
(99502, 'Anchorage', 'AK'),
(99503, 'Anchorage', 'AK'),
(99504, 'Anchorage', 'AK'),
(99505, 'Jber', 'AK'),
(99506, 'Jber', 'AK'),
(99507, 'Anchorage', 'AK'),
(99508, 'Anchorage', 'AK'),
(99510, 'Anchorage', 'AK'),
(99513, 'Anchorage', 'AK'),
(99515, 'Anchorage', 'AK'),
(99516, 'Anchorage', 'AK'),
(99517, 'Anchorage', 'AK'),
(99518, 'Anchorage', 'AK'),
(99519, 'Anchorage', 'AK'),
(99540, 'Indian', 'AK'),
(99546, 'Adak', 'AK'),
(99547, 'Atka', 'AK'),
(99548, 'Chignik Lake', 'AK'),
(99549, 'Port Heiden', 'AK'),
(99550, 'Port Lions', 'AK'),
(99551, 'Akiachak', 'AK'),
(99552, 'Akiak', 'AK'),
(99553, 'Akutan', 'AK'),
(99554, 'Alakanuk', 'AK'),
(99555, 'Aleknagik', 'AK'),
(99556, 'Anchor Point', 'AK'),
(99557, 'Aniak', 'AK'),
(99558, 'Anvik', 'AK'),
(99559, 'Bethel', 'AK'),
(99561, 'Chefornak', 'AK'),
(99563, 'Chevak', 'AK'),
(99564, 'Chignik', 'AK'),
(99565, 'Chignik Lagoon', 'AK'),
(99566, 'Chitina', 'AK'),
(99567, 'Chugiak', 'AK'),
(99568, 'Clam Gulch', 'AK'),
(99569, 'Clarks Point', 'AK'),
(99571, 'Cold Bay', 'AK'),
(99572, 'Cooper Landing', 'AK'),
(99573, 'Copper Center', 'AK'),
(99574, 'Cordova', 'AK'),
(99575, 'Crooked Creek', 'AK'),
(99576, 'Dillingham', 'AK'),
(99577, 'Eagle River', 'AK'),
(99578, 'Eek', 'AK'),
(99579, 'Egegik', 'AK'),
(99580, 'Ekwok', 'AK'),
(99581, 'Emmonak', 'AK'),
(99583, 'False Pass', 'AK'),
(99585, 'Marshall', 'AK'),
(99586, 'Gakona', 'AK'),
(99587, 'Girdwood', 'AK'),
(99588, 'Glennallen', 'AK'),
(99589, 'Goodnews Bay', 'AK'),
(99590, 'Grayling', 'AK'),
(99591, 'Saint George Island', 'AK'),
(99602, 'Holy Cross', 'AK'),
(99603, 'Homer', 'AK'),
(99604, 'Hooper Bay', 'AK'),
(99605, 'Hope', 'AK'),
(99606, 'Iliamna', 'AK'),
(99607, 'Kalskag', 'AK'),
(99609, 'Kasigluk', 'AK'),
(99610, 'Kasilof', 'AK'),
(99611, 'Kenai', 'AK'),
(99612, 'King Cove', 'AK'),
(99613, 'King Salmon', 'AK'),
(99614, 'Kipnuk', 'AK'),
(99615, 'Kodiak', 'AK'),
(99620, 'Kotlik', 'AK'),
(99621, 'Kwethluk', 'AK'),
(99622, 'Kwigillingok', 'AK'),
(99624, 'Larsen Bay', 'AK'),
(99625, 'Levelock', 'AK'),
(99626, 'Lower Kalskag', 'AK'),
(99627, 'Mc Grath', 'AK'),
(99628, 'Manokotak', 'AK'),
(99630, 'Mekoryuk', 'AK'),
(99631, 'Moose Pass', 'AK'),
(99632, 'Mountain Village', 'AK'),
(99633, 'Naknek', 'AK'),
(99634, 'Napakiak', 'AK'),
(99636, 'New Stuyahok', 'AK'),
(99637, 'Toksook Bay', 'AK'),
(99638, 'Nikolski', 'AK'),
(99639, 'Ninilchik', 'AK'),
(99640, 'Nondalton', 'AK'),
(99641, 'Nunapitchuk', 'AK'),
(99643, 'Old Harbor', 'AK'),
(99644, 'Ouzinkie', 'AK'),
(99645, 'Palmer', 'AK'),
(99647, 'Pedro Bay', 'AK'),
(99648, 'Perryville', 'AK'),
(99649, 'Pilot Point', 'AK'),
(99650, 'Pilot Station', 'AK'),
(99651, 'Platinum', 'AK'),
(99652, 'Big Lake', 'AK'),
(99653, 'Port Alsworth', 'AK'),
(99654, 'Wasilla', 'AK'),
(99655, 'Quinhagak', 'AK'),
(99656, 'Red Devil', 'AK'),
(99657, 'Russian Mission', 'AK'),
(99658, 'Saint Marys', 'AK'),
(99659, 'Saint Michael', 'AK'),
(99660, 'Saint Paul Island', 'AK'),
(99661, 'Sand Point', 'AK'),
(99662, 'Scammon Bay', 'AK'),
(99663, 'Seldovia', 'AK'),
(99664, 'Seward', 'AK'),
(99665, 'Shageluk', 'AK'),
(99666, 'Nunam Iqua', 'AK'),
(99667, 'Skwentna', 'AK'),
(99668, 'Sleetmute', 'AK'),
(99669, 'Soldotna', 'AK'),
(99670, 'South Naknek', 'AK'),
(99671, 'Stebbins', 'AK'),
(99672, 'Sterling', 'AK'),
(99674, 'Sutton', 'AK'),
(99676, 'Talkeetna', 'AK'),
(99677, 'Tatitlek', 'AK'),
(99678, 'Togiak', 'AK'),
(99679, 'Tuluksak', 'AK'),
(99680, 'Tuntutuliak', 'AK'),
(99681, 'Tununak', 'AK'),
(99682, 'Tyonek', 'AK'),
(99683, 'Trapper Creek', 'AK'),
(99684, 'Unalakleet', 'AK'),
(99685, 'Unalaska', 'AK'),
(99686, 'Valdez', 'AK'),
(99688, 'Willow', 'AK'),
(99689, 'Yakutat', 'AK'),
(99690, 'Nightmute', 'AK'),
(99691, 'Nikolai', 'AK'),
(99692, 'Dutch Harbor', 'AK'),
(99693, 'Whittier', 'AK'),
(99694, 'Houston', 'AK'),
(99695, 'Anchorage', 'AK'),
(99701, 'Fairbanks', 'AK'),
(99702, 'Eielson Afb', 'AK'),
(99703, 'Fort Wainwright', 'AK'),
(99704, 'Clear', 'AK'),
(99705, 'North Pole', 'AK'),
(99706, 'Fairbanks', 'AK'),
(99709, 'Fairbanks', 'AK'),
(99712, 'Fairbanks', 'AK'),
(99714, 'Salcha', 'AK'),
(99720, 'Allakaket', 'AK'),
(99721, 'Anaktuvuk Pass', 'AK'),
(99722, 'Arctic Village', 'AK'),
(99723, 'Barrow', 'AK'),
(99724, 'Beaver', 'AK'),
(99726, 'Bettles Field', 'AK'),
(99727, 'Buckland', 'AK'),
(99729, 'Cantwell', 'AK'),
(99730, 'Central', 'AK'),
(99732, 'Chicken', 'AK'),
(99733, 'Circle', 'AK'),
(99734, 'Prudhoe Bay', 'AK'),
(99736, 'Deering', 'AK'),
(99737, 'Delta Junction', 'AK'),
(99738, 'Eagle', 'AK'),
(99739, 'Elim', 'AK'),
(99740, 'Fort Yukon', 'AK'),
(99741, 'Galena', 'AK'),
(99742, 'Gambell', 'AK'),
(99743, 'Healy', 'AK'),
(99744, 'Anderson', 'AK'),
(99745, 'Hughes', 'AK'),
(99746, 'Huslia', 'AK'),
(99747, 'Kaktovik', 'AK'),
(99748, 'Kaltag', 'AK'),
(99749, 'Kiana', 'AK'),
(99750, 'Kivalina', 'AK'),
(99751, 'Kobuk', 'AK'),
(99752, 'Kotzebue', 'AK'),
(99753, 'Koyuk', 'AK'),
(99754, 'Koyukuk', 'AK'),
(99755, 'Denali National Park', 'AK'),
(99756, 'Manley Hot Springs', 'AK'),
(99757, 'Lake Minchumina', 'AK'),
(99758, 'Minto', 'AK'),
(99759, 'Point Lay', 'AK'),
(99760, 'Nenana', 'AK'),
(99761, 'Noatak', 'AK'),
(99762, 'Nome', 'AK'),
(99763, 'Noorvik', 'AK'),
(99764, 'Northway', 'AK'),
(99765, 'Nulato', 'AK'),
(99766, 'Point Hope', 'AK'),
(99767, 'Rampart', 'AK'),
(99768, 'Ruby', 'AK'),
(99769, 'Savoonga', 'AK'),
(99770, 'Selawik', 'AK'),
(99771, 'Shaktoolik', 'AK'),
(99772, 'Shishmaref', 'AK'),
(99773, 'Shungnak', 'AK'),
(99774, 'Stevens Village', 'AK'),
(99775, 'Fairbanks', 'AK'),
(99776, 'Tanacross', 'AK'),
(99777, 'Tanana', 'AK'),
(99778, 'Teller', 'AK'),
(99780, 'Tok', 'AK'),
(99781, 'Venetie', 'AK'),
(99782, 'Wainwright', 'AK'),
(99783, 'Wales', 'AK'),
(99784, 'White Mountain', 'AK'),
(99785, 'Brevig Mission', 'AK'),
(99786, 'Ambler', 'AK'),
(99788, 'Chalkyitsik', 'AK'),
(99789, 'Nuiqsut', 'AK'),
(99790, 'Fairbanks', 'AK'),
(99791, 'Atqasuk', 'AK'),
(99801, 'Juneau', 'AK'),
(99820, 'Angoon', 'AK'),
(99824, 'Douglas', 'AK'),
(99825, 'Elfin Cove', 'AK'),
(99826, 'Gustavus', 'AK'),
(99827, 'Haines', 'AK'),
(99829, 'Hoonah', 'AK'),
(99830, 'Kake', 'AK'),
(99832, 'Pelican', 'AK'),
(99833, 'Petersburg', 'AK'),
(99835, 'Sitka', 'AK'),
(99836, 'Port Alexander', 'AK'),
(99840, 'Skagway', 'AK'),
(99841, 'Tenakee Springs', 'AK'),
(99901, 'Ketchikan', 'AK'),
(99903, 'Meyers Chuck', 'AK'),
(99918, 'Coffman Cove', 'AK'),
(99919, 'Thorne Bay', 'AK'),
(99921, 'Craig', 'AK'),
(99922, 'Hydaburg', 'AK'),
(99923, 'Hyder', 'AK'),
(99925, 'Klawock', 'AK'),
(99926, 'Metlakatla', 'AK'),
(99927, 'Point Baker', 'AK');

--
-- Indexes for dumped tables
--

--
-- Indexes for table `address_type`
--
ALTER TABLE `address_type`
  ADD PRIMARY KEY (`type_id`);

--
-- Indexes for table `business_hour`
--
ALTER TABLE `business_hour`
  ADD PRIMARY KEY (`id`),
  ADD KEY `restaurant_id` (`restaurant_id`);

--
-- Indexes for table `close_date`
--
ALTER TABLE `close_date`
  ADD PRIMARY KEY (`id`),
  ADD KEY `restaurant_id` (`restaurant_id`);

--
-- Indexes for table `cuisines`
--
ALTER TABLE `cuisines`
  ADD PRIMARY KEY (`cuisine_id`);

--
-- Indexes for table `dishes`
--
ALTER TABLE `dishes`
  ADD PRIMARY KEY (`dish_id`),
  ADD KEY `restaurant_id` (`restaurant_id`);

--
-- Indexes for table `dish_ingredient`
--
ALTER TABLE `dish_ingredient`
  ADD PRIMARY KEY (`id`),
  ADD KEY `dish_id` (`dish_id`,`ingredient_id`),
  ADD KEY `ingredient_id` (`ingredient_id`);

--
-- Indexes for table `dish_order`
--
ALTER TABLE `dish_order`
  ADD PRIMARY KEY (`id`),
  ADD KEY `dish_id` (`dish_id`,`order_id`),
  ADD KEY `order_id` (`order_id`);

--
-- Indexes for table `dish_pics`
--
ALTER TABLE `dish_pics`
  ADD PRIMARY KEY (`id`),
  ADD KEY `dish_id` (`dish_id`);

--
-- Indexes for table `ingredients`
--
ALTER TABLE `ingredients`
  ADD PRIMARY KEY (`ingredient_id`);

--
-- Indexes for table `orders`
--
ALTER TABLE `orders`
  ADD PRIMARY KEY (`order_id`),
  ADD KEY `restaurant_id` (`restaurant_id`,`user_id`),
  ADD KEY `user_id` (`user_id`),
  ADD KEY `status` (`status`);

--
-- Indexes for table `restaurants`
--
ALTER TABLE `restaurants`
  ADD PRIMARY KEY (`restaurant_id`),
  ADD KEY `vendor_id` (`vendor_id`);

--
-- Indexes for table `restaurant_cuisine`
--
ALTER TABLE `restaurant_cuisine`
  ADD PRIMARY KEY (`id`),
  ADD KEY `restaurant_id` (`restaurant_id`,`cuisine_id`),
  ADD KEY `cuisine_id` (`cuisine_id`);

--
-- Indexes for table `restaurant_status`
--
ALTER TABLE `restaurant_status`
  ADD PRIMARY KEY (`id`);

--
-- Indexes for table `status`
--
ALTER TABLE `status`
  ADD PRIMARY KEY (`status_id`);

--
-- Indexes for table `tax`
--
ALTER TABLE `tax`
  ADD PRIMARY KEY (`zipcode`) USING BTREE;

--
-- Indexes for table `users`
--
ALTER TABLE `users`
  ADD PRIMARY KEY (`ID`),
  ADD UNIQUE KEY `phone` (`phone`),
  ADD UNIQUE KEY `user_email` (`user_email`),
  ADD KEY `user_login` (`user_login`);

--
-- Indexes for table `user_address`
--
ALTER TABLE `user_address`
  ADD PRIMARY KEY (`address_id`),
  ADD KEY `zipcode` (`zipcode`),
  ADD KEY `type_id` (`type_id`),
  ADD KEY `user_id` (`user_id`);

--
-- Indexes for table `vendors`
--
ALTER TABLE `vendors`
  ADD PRIMARY KEY (`ID`),
  ADD UNIQUE KEY `phone` (`phone`),
  ADD UNIQUE KEY `email` (`email`);

--
-- Indexes for table `vendor_address`
--
ALTER TABLE `vendor_address`
  ADD PRIMARY KEY (`address_id`),
  ADD KEY `zipcode` (`zipcode`),
  ADD KEY `type_id` (`type_id`),
  ADD KEY `vendor_id` (`vendor_id`);

--
-- Indexes for table `zipcodes`
--
ALTER TABLE `zipcodes`
  ADD PRIMARY KEY (`zipcode`);

--
-- AUTO_INCREMENT for dumped tables
--

--
-- AUTO_INCREMENT for table `address_type`
--
ALTER TABLE `address_type`
  MODIFY `type_id` int(11) NOT NULL AUTO_INCREMENT, AUTO_INCREMENT=5;

--
-- AUTO_INCREMENT for table `business_hour`
--
ALTER TABLE `business_hour`
  MODIFY `id` int(11) NOT NULL AUTO_INCREMENT, AUTO_INCREMENT=14;

--
-- AUTO_INCREMENT for table `close_date`
--
ALTER TABLE `close_date`
  MODIFY `id` int(11) NOT NULL AUTO_INCREMENT;

--
-- AUTO_INCREMENT for table `cuisines`
--
ALTER TABLE `cuisines`
  MODIFY `cuisine_id` int(11) NOT NULL AUTO_INCREMENT, AUTO_INCREMENT=13;

--
-- AUTO_INCREMENT for table `dishes`
--
ALTER TABLE `dishes`
  MODIFY `dish_id` int(11) NOT NULL AUTO_INCREMENT, AUTO_INCREMENT=8;

--
-- AUTO_INCREMENT for table `dish_ingredient`
--
ALTER TABLE `dish_ingredient`
  MODIFY `id` int(11) NOT NULL AUTO_INCREMENT, AUTO_INCREMENT=7;

--
-- AUTO_INCREMENT for table `dish_order`
--
ALTER TABLE `dish_order`
  MODIFY `id` int(11) NOT NULL AUTO_INCREMENT;

--
-- AUTO_INCREMENT for table `dish_pics`
--
ALTER TABLE `dish_pics`
  MODIFY `id` int(11) NOT NULL AUTO_INCREMENT, AUTO_INCREMENT=5;

--
-- AUTO_INCREMENT for table `ingredients`
--
ALTER TABLE `ingredients`
  MODIFY `ingredient_id` int(11) NOT NULL AUTO_INCREMENT, AUTO_INCREMENT=17;

--
-- AUTO_INCREMENT for table `orders`
--
ALTER TABLE `orders`
  MODIFY `order_id` int(11) NOT NULL AUTO_INCREMENT;

--
-- AUTO_INCREMENT for table `restaurants`
--
ALTER TABLE `restaurants`
  MODIFY `restaurant_id` int(11) NOT NULL AUTO_INCREMENT, AUTO_INCREMENT=10;

--
-- AUTO_INCREMENT for table `restaurant_cuisine`
--
ALTER TABLE `restaurant_cuisine`
  MODIFY `id` int(11) NOT NULL AUTO_INCREMENT, AUTO_INCREMENT=22;

--
-- AUTO_INCREMENT for table `restaurant_status`
--
ALTER TABLE `restaurant_status`
  MODIFY `id` int(11) NOT NULL AUTO_INCREMENT, AUTO_INCREMENT=6;

--
-- AUTO_INCREMENT for table `status`
--
ALTER TABLE `status`
  MODIFY `status_id` int(11) NOT NULL AUTO_INCREMENT, AUTO_INCREMENT=9;

--
-- AUTO_INCREMENT for table `users`
--
ALTER TABLE `users`
  MODIFY `ID` int(11) NOT NULL AUTO_INCREMENT, AUTO_INCREMENT=10;

--
-- AUTO_INCREMENT for table `user_address`
--
ALTER TABLE `user_address`
  MODIFY `address_id` int(11) NOT NULL AUTO_INCREMENT, AUTO_INCREMENT=6;

--
-- AUTO_INCREMENT for table `vendors`
--
ALTER TABLE `vendors`
  MODIFY `ID` int(11) NOT NULL AUTO_INCREMENT, AUTO_INCREMENT=7;

--
-- AUTO_INCREMENT for table `vendor_address`
--
ALTER TABLE `vendor_address`
  MODIFY `address_id` int(11) NOT NULL AUTO_INCREMENT, AUTO_INCREMENT=7;

--
-- Constraints for dumped tables
--

--
-- Constraints for table `business_hour`
--
ALTER TABLE `business_hour`
  ADD CONSTRAINT `business_hour_ibfk_1` FOREIGN KEY (`restaurant_id`) REFERENCES `restaurants` (`restaurant_id`);

--
-- Constraints for table `close_date`
--
ALTER TABLE `close_date`
  ADD CONSTRAINT `close_date_ibfk_1` FOREIGN KEY (`restaurant_id`) REFERENCES `restaurants` (`restaurant_id`);

--
-- Constraints for table `dishes`
--
ALTER TABLE `dishes`
  ADD CONSTRAINT `dishes_ibfk_1` FOREIGN KEY (`restaurant_id`) REFERENCES `restaurants` (`restaurant_id`);

--
-- Constraints for table `dish_ingredient`
--
ALTER TABLE `dish_ingredient`
  ADD CONSTRAINT `dish_ingredient_ibfk_1` FOREIGN KEY (`ingredient_id`) REFERENCES `ingredients` (`ingredient_id`),
  ADD CONSTRAINT `dish_ingredient_ibfk_2` FOREIGN KEY (`dish_id`) REFERENCES `dishes` (`dish_id`);

--
-- Constraints for table `dish_order`
--
ALTER TABLE `dish_order`
  ADD CONSTRAINT `dish_order_ibfk_1` FOREIGN KEY (`order_id`) REFERENCES `orders` (`order_id`),
  ADD CONSTRAINT `dish_order_ibfk_2` FOREIGN KEY (`dish_id`) REFERENCES `dishes` (`dish_id`);

--
-- Constraints for table `dish_pics`
--
ALTER TABLE `dish_pics`
  ADD CONSTRAINT `dish_pics_ibfk_1` FOREIGN KEY (`dish_id`) REFERENCES `dishes` (`dish_id`);

--
-- Constraints for table `orders`
--
ALTER TABLE `orders`
  ADD CONSTRAINT `orders_ibfk_1` FOREIGN KEY (`restaurant_id`) REFERENCES `restaurants` (`restaurant_id`),
  ADD CONSTRAINT `orders_ibfk_2` FOREIGN KEY (`user_id`) REFERENCES `users` (`ID`),
  ADD CONSTRAINT `orders_ibfk_3` FOREIGN KEY (`status`) REFERENCES `status` (`status_id`);

--
-- Constraints for table `restaurants`
--
ALTER TABLE `restaurants`
  ADD CONSTRAINT `restaurants_ibfk_1` FOREIGN KEY (`vendor_id`) REFERENCES `vendors` (`ID`);

--
-- Constraints for table `restaurant_cuisine`
--
ALTER TABLE `restaurant_cuisine`
  ADD CONSTRAINT `restaurant_cuisine_ibfk_1` FOREIGN KEY (`cuisine_id`) REFERENCES `cuisines` (`cuisine_id`),
  ADD CONSTRAINT `restaurant_cuisine_ibfk_2` FOREIGN KEY (`restaurant_id`) REFERENCES `restaurants` (`restaurant_id`);

--
-- Constraints for table `user_address`
--
ALTER TABLE `user_address`
  ADD CONSTRAINT `user_address_ibfk_1` FOREIGN KEY (`zipcode`) REFERENCES `zipcodes` (`zipcode`),
  ADD CONSTRAINT `user_address_ibfk_2` FOREIGN KEY (`type_id`) REFERENCES `address_type` (`type_id`),
  ADD CONSTRAINT `user_address_ibfk_3` FOREIGN KEY (`user_id`) REFERENCES `users` (`ID`);

--
-- Constraints for table `vendor_address`
--
ALTER TABLE `vendor_address`
  ADD CONSTRAINT `vendor_address_ibfk_1` FOREIGN KEY (`vendor_id`) REFERENCES `vendors` (`ID`);
COMMIT;

/*!40101 SET CHARACTER_SET_CLIENT=@OLD_CHARACTER_SET_CLIENT */;
/*!40101 SET CHARACTER_SET_RESULTS=@OLD_CHARACTER_SET_RESULTS */;
/*!40101 SET COLLATION_CONNECTION=@OLD_COLLATION_CONNECTION */;
